"assessid","agency","country","region","area","species","species_common","category","resilience","catch_type","true_bbmsy","true_status","orcs_status","mprm_bbmsy","mprm_status","ssp02","ssp13","ssp02_status","ssp13_status","cmsy_sa_bbmsy","cmsy_sa_status","cmsy_rf_bbmsy","cmsy_rf_status","zbrt8_s","zbrt38_s","zbrt_s","zbrt_bbmsy","zbrt_status","ocom_s","ocom_bbmsy","ocom_status"
"AFSC-ALPLAICBSAI-1972-2010-STACHURA","NMFS","United States","US Alaska","Bering Sea and Aleutian Islands","Pleuronectes quadrituberculatus","Alaska plaice","Flounders, halibuts, soles","Low","tc",1.69,"under","under",0.5106829967239,"fully","overfished","overexploited","over","over",0.512166646786547,"fully",0.44505380089463,"over",0.114171454,0.363234547,0.238703,0.477406,"over",0.251811106,0.503622212,"fully"
"AFSC-ARFLOUNDBSAI-1970-2010-STACHURA","NMFS","United States","US Alaska","Bering Sea and Aleutian Islands","Atheresthes stomias","Arrowtooth flounder","Flounders, halibuts, soles","Low","tc",3.16,"under","under",0.782030125183505,"fully","fully exploited","developing","fully","under",1.29780689064458,"fully",0.934936927188234,"fully",0.637390344,0.566338272,0.601864308,1.203728616,"fully",0.74732532,1.49465064,"fully"
"AFSC-ARFLOUNDGA-1958-2010-STACHURA","NMFS","United States","US Alaska","Gulf of Alaska","Atheresthes stomias","Arrowtooth flounder","Flounders, halibuts, soles","Low","tc",2.99,"under","under",1.03844101876725,"fully","fully exploited","developing","fully","under",0.977589539680284,"fully",0.903768564212578,"fully",0.441810546,0.372267221,0.407038884,0.814077768,"fully",0.403953186,0.807906372,"fully"
"AFSC-ATKABSAI-1976-2011-STACHURA","NMFS","United States","US Alaska","Bering Sea and Aleutian Islands","Pleurogrammus monopterygius","Atka mackerel","Miscellaneous coastal fishes","Medium","tc",1.5,"fully","fully",0.854275076969484,"fully","fully exploited","developing","fully","under",1.32857082699495,"fully",0.981325807969761,"fully",0.836996745,0.731757356,0.78437705,1.5687541,"under",0.82989742,1.65979484,"under"
"AFSC-DSOLEGA-1978-2009-STACHURA","NMFS","United States","US Alaska","Gulf of Alaska","Microstomus pacificus","Dover sole","Flounders, halibuts, soles","Low","tc",2.57,"under","under",0.427183860027388,"over","collapsed/closed","collapsed","over","over",0.396240048174941,"over",0.172041251464182,"over",0.123350922,0.279779947,0.201565434,0.403130868,"over",0.206088003,0.412176006,"over"
"AFSC-DUSROCKGA-1973-2010-STACHURA","NMFS","United States","US Alaska","Gulf of Alaska","Sebastes variabilis","Dusky rockfish","Miscellaneous demersal fishes","Very low","tc",1.59,"under","under",1.42953784590618,"fully","fully exploited","developing","fully","under",0.780677197855253,"fully",1.38366376811376,"fully",0.524819726,0.600463226,0.562641476,1.125282952,"fully",0.70282276,1.40564552,"fully"
"AFSC-FLSOLEBSAI-1974-2010-STACHURA","NMFS","United States","US Alaska","Bering Sea and Aleutian Islands","Hippoglossoides elassodon","Flathead sole","Flounders, halibuts, soles","Medium","tc",2.04,"under","under",0.93850051781662,"fully","fully exploited","developing","fully","under",1.17195200501442,"fully",1.40926846739716,"fully",0.81782482,0.700144439,0.75898463,1.51796926,"under",0.809755948,1.619511896,"under"
"AFSC-FLSOLEGA-1978-2010-STACHURA","NMFS","United States","US Alaska","Gulf of Alaska","Hippoglossoides elassodon","Flathead sole","Flounders, halibuts, soles","Medium","tc",2.6,"under","under",1.35108980749662,"fully","fully exploited","developing","fully","under",1.11482151463339,"fully",1.36404714129075,"fully",0.977530514,0.842539672,0.910035093,1.820070186,"under",0.856881615,1.71376323,"under"
"AFSC-GHALBSAI-1960-2009-STANTON","NMFS","United States","US Alaska","Bering Sea and Aleutian Islands","Reinhardtius hippoglossoides","Greenland halibut","Flounders, halibuts, soles","Low","tc",1.48,"fully","fully",0.413906462885698,"over","collapsed/closed","collapsed","over","over",0.411397121538938,"over",0.0839374799655942,"over",0.408198253,0.443739635,0.425968944,0.851937888,"fully",0.38104821,0.76209642,"fully"
"AFSC-NROCKBSAI-1974-2011-STACHURA","NMFS","United States","US Alaska","Bering Sea and Aleutian Islands","Sebastes polyspinis","Northern rockfish","Miscellaneous demersal fishes","Very low","tc",1.61,"under","under",1.05204551590522,"fully","overfished","overexploited","over","over",0.264961286292301,"over",1.04846070488286,"fully",0.718566307,0.649693585,0.684129946,1.368259892,"fully",0.764275505,1.52855101,"under"
"AFSC-NROCKGA-1959-2010-STACHURA","NMFS","United States","US Alaska","Gulf of Alaska","Sebastes polyspinis","Northern rockfish","Miscellaneous demersal fishes","Very low","tc",1.62,"under","under",0.816512265844684,"fully","overfished","rebuilding","over","over",0.403249481446723,"over",0.353763686432661,"over",0.5024948,0.487796055,0.495145428,0.990290856,"fully",0.446161576,0.892323152,"fully"
"AFSC-NRSOLEEBSAI-1975-2012-HIVELY","NMFS","United States","US Alaska","Eastern Bering Sea and Aleutian Islands","Lepidopsetta polyxystra","Northern rock sole","Flounders, halibuts, soles","Low","tc",2.33,"under","under",0.976231209619531,"fully","fully exploited","developing","fully","under",1.28964879246217,"fully",1.40155556377898,"fully",0.591030418,0.557434067,0.574232242,1.148464484,"fully",0.717569957,1.435139914,"fully"
"AFSC-PCODBSAI-1964-2013-CHING","NMFS","United States","US Alaska","Bering Sea and Aleutian Islands","Gadus macrocephalus","Pacific cod","Cods, hakes, haddocks","Low","tc",1.34,"fully","fully",0.995156203030024,"fully","fully exploited","developing","fully","under",1.16055715010671,"fully",0.901507120888338,"fully",0.540785941,0.545161231,0.542973586,1.085947172,"fully",0.705510608,1.411021216,"fully"
"AFSC-PCODGA-1977-2014-HIVELY","NMFS","United States","US Alaska","Gulf of Alaska","Gadus macrocephalus","Pacific cod","Cods, hakes, haddocks","Low","tc",1.84,"under","fully",0.872768258700155,"fully","fully exploited","developing","fully","under",1.17198112541236,"fully",1.41088194399763,"fully",0.434565893,0.332145028,0.383355461,0.766710922,"fully",0.391989641,0.783979282,"fully"
"AFSC-PERCHEBSAI-1960-2011-STACHURA","NMFS","United States","US Alaska","Eastern Bering Sea and Aleutian Islands","Sebastes alutus","Pacific ocean perch","Miscellaneous demersal fishes","Very low","tc",1.63,"under","under",1.51605593785724,"under","fully exploited","developing","fully","under",0.803083318084513,"fully",1.41745549983619,"fully",0.725693337,0.600137086,0.662915212,1.325830424,"fully",0.751398605,1.50279721,"under"
"AFSC-POPERCHGA-1959-2010-STACHURA","NMFS","United States","US Alaska","Gulf of Alaska","Sebastes alutus","Pacific ocean perch","Miscellaneous demersal fishes","Very low","tc",1.35,"fully","fully",0.700062299212703,"fully","collapsed/closed","collapsed","over","over",0.431395706893402,"over",0.162380161477386,"over",0.559482537,0.439680098,0.499581318,0.999162636,"fully",0.449416376,0.898832752,"fully"
"AFSC-REYEROCKBSAI-1974-2011-STACHURA","NMFS","United States","US Alaska","Bering Sea and Aleutian Islands","Sebastes aleutianus","Rougheye rockfish","Miscellaneous demersal fishes","Very low","tc",0.899,"fully","under",0.64507773989263,"fully","collapsed/closed","collapsed","over","over",0.314977088493949,"over",0.195271256948587,"over",0.472353699,0.434901911,0.453627805,0.90725561,"fully",0.406547352,0.813094704,"fully"
"AFSC-REYEROCKGA-1974-2010-STACHURA","NMFS","United States","US Alaska","Gulf of Alaska","Sebastes aleutianus","Rougheye rockfish","Miscellaneous demersal fishes","Very low","tc",1.54,"under","under",0.797269206895085,"fully","overfished","overexploited","over","over",0.355859076127719,"over",0.307183727272589,"over",0.527346129,0.428358983,0.477852556,0.955705112,"fully",0.431090378,0.862180756,"fully"
"AFSC-RKCRABBB-1960-2008-JENSEN","NMFS","United States","US Alaska","Bristol Bay","Paralithodes camtschaticus","Red king crab","King crabs, squat-lobsters","High","tc",1.27,"fully","fully",0.631717864383911,"fully","overfished","rebuilding","over","over",NA,NA,0.154287539252256,"over",0.516326852,0.571522631,0.543924742,1.087849484,"fully",0.708497399,1.416994798,"fully"
"AFSC-SABLEFEBSAIGA-1958-2010-STACHURA","NMFS","United States","US Alaska","Eastern Bering Sea / Aleutian Islands / Gulf of Alaska","Anoplopoma fimbria","Sablefish","Miscellaneous demersal fishes","Low","tc",1.1,"fully","fully",0.831251721199797,"fully","overfished","overexploited","over","over",0.48542986592721,"over",0.386575113415161,"over",0.117248644,0.232009699,0.174629172,0.349258344,"over",0.195572625,0.39114525,"over"
"AFSC-SNOWCRABBS-1978-2013-HIVELY","NMFS","United States","US Alaska","Bering Sea","Chionoecetes opilio","Snow crab","Crabs, sea-spiders","Medium","tc",1.1,"fully","fully",0.424318041504154,"over","overfished","rebuilding","over","over",0.459398920445415,"over",0.234825810921202,"over",0.449655049,0.457986188,0.453820618,0.907641236,"fully",0.413428339,0.826856678,"fully"
"AFSC-TANNERCRABBSAI-1949-2013-HIVELY","NMFS","United States","US Alaska","Bering Sea and Aleutian Islands","Chionoecetes bairdi","Tanner crab","Crabs, sea-spiders","Medium","tc",1.77,"under","fully",0.367633622325117,"over","collapsed/closed","collapsed","over","over",0.401587840103531,"over",0.0806295675137676,"over",0.103912707,0.204256264,0.154084485,0.30816897,"over",0.18022214,0.36044428,"over"
"AFSC-WPOLLAI-1976-2013-CHING","NMFS","United States","US Alaska","Aleutian Islands","Theragra chalcogramma","Walleye pollock","Cods, hakes, haddocks","Low","tc",0.979,"fully","fully",0.375845866889397,"over","collapsed/closed","collapsed","over","over",0.40060507213564,"over",0.0869501709062347,"over",0.01936551,0.179103683,0.099234597,0.198469194,"over",0.145916757,0.291833514,"over"
"AFSC-WPOLLEBS-1964-2013-CHING","NMFS","United States","US Alaska","Eastern Bering Sea","Theragra chalcogramma","Walleye pollock","Cods, hakes, haddocks","Low","tc",1.08,"fully","fully",0.686320561582728,"fully","fully exploited","developing","fully","under",1.23999262475395,"fully",1.00626697998392,"fully",0.15912553,0.201868223,0.180496877,0.360993754,"over",0.25257379,0.50514758,"fully"
"AFSC-WPOLLGA-1970-2014-HIVELY","NMFS","United States","US Alaska","Gulf of Alaska","Theragra chalcogramma","Walleye pollock","Cods, hakes, haddocks","Low","tc",1.25,"fully","fully",0.48684627049416,"over","overfished","overexploited","over","over",0.51161292750968,"fully",0.591989921834826,"fully",0.413886801,0.40594844,0.409917621,0.819835242,"fully",0.384202913,0.768405826,"fully"
"AFSC-YSOLEBSAI-1949-2010-STACHURA","NMFS","United States","US Alaska","Bering Sea and Aleutian Islands","Limanda aspera","Yellowfin sole","Flounders, halibuts, soles","Low","tc",1.75,"under","under",0.763788800487465,"fully","overfished","overexploited","over","over",0.525552792984158,"fully",0.997670643087776,"fully",0.149650774,0.256469803,0.203060288,0.406120576,"over",0.228019594,0.456039188,"over"
"ASMFC-ATLCROAKMATLC-1973-2002-STANTON","NMFS","United States","US East Coast","Mid-Atlantic Coast","Micropogonias undulatus","Atlantic croaker","Miscellaneous coastal fishes","Medium","tl",2.78,"under","fully",0.992000101496594,"fully","fully exploited","developing","fully","under",1.15554602443789,"fully",0.942910779145719,"fully",0.806423728,0.677825306,0.742124517,1.484249034,"fully",0.810446565,1.62089313,"under"
"ASMFC-LOBSTERGOM-1981-2007-STANTON","NMFS","United States","US East Coast","Gulf of Maine","Homarus americanus","American lobster","Lobsters, spiny-rock lobsters","Medium","tl",0.581,"fully","fully",0.885975828454863,"fully","fully exploited","developing","fully","under",1.16529591187712,"fully",0.898760786069653,"fully",0.562014973,0.490764426,0.5263897,1.0527794,"fully",0.682832188,1.365664376,"fully"
"CCSBT-SC-SBT-1950-2011-CHING","CCSBT","Tuna-RFMO","Indian Ocean","Southern Oceans","Thunnus maccoyii","Southern bluefin tuna","Tunas, bonitos, billfishes","Low","tc",0.23,"over","fully",0.568420140755135,"fully","overfished","overexploited","over","over",0.470271997457396,"over",0.175708066354708,"over",0.072974772,0.177674271,0.125324522,0.250649044,"over",0.166553291,0.333106582,"over"
"CSIRO-BIGHTREDSE-1958-2007-FULTON","AFMA","Australia","Australia","Southeast Australia","Centroberyx gerrardi","Bight redfish","Miscellaneous demersal fishes","Very low","tl",0.946,"fully","fully",2.0348964766164,"under","fully exploited","developing","fully","under",0.92748407220557,"fully",1.32016132920304,"fully",0.629157933,0.550261736,0.589709835,1.17941967,"fully",0.736670644,1.473341288,"fully"
"CSIRO-DEEPFLATHEADSE-1978-2007-FULTON","AFMA","Australia","Australia","Southeast Australia","Platycephalus conatus","Deepwater flathead","Miscellaneous coastal fishes","Low","tl",1.51,"under","fully",0.622195536198285,"fully","overfished","overexploited","over","over",0.461747723850889,"over",0.615397203478658,"fully",0.627744948,0.592971448,0.610358198,1.220716396,"fully",0.744240852,1.488481704,"fully"
"CSIRO-MORWONGSE-1913-2007-FULTON","AFMA","Australia","Australia","Southeast Australia","Nemadactylus macropterus","Hawaiian morwong","Miscellaneous demersal fishes","Low","tl",0.313,"over","over",1.08256802129449,"fully","overfished","overexploited","over","over",0.460205789523527,"over",0.266773725240499,"over",0.053563692,0.166651996,0.110107844,0.220215688,"over",0.150047745,0.30009549,"over"
"CSIRO-NZLINGESE-1968-2007-FULTON","AFMA","Australia","Australia","Southeast Australia","Genypterus blacodes","New Zealand ling","Miscellaneous demersal fishes","Low","tl",0.59,"fully","fully",1.29189620836627,"fully","fully exploited","developing","fully","under",1.1129971717042,"fully",0.941175882365662,"fully",0.404105737,0.382975257,0.393540497,0.787080994,"fully",0.3732584,0.7465168,"fully"
"CSIRO-NZLINGWSE-1968-2007-FULTON","AFMA","Australia","Australia","Western half of Southeast Australia","Genypterus blacodes","New Zealand ling","Miscellaneous demersal fishes","Low","tl",1.08,"fully","fully",1.10687085176514,"fully","fully exploited","developing","fully","under",0.99807492801658,"fully",0.900791616630866,"fully",0.457301173,0.444926091,0.451113632,0.902227264,"fully",0.417573946,0.835147892,"fully"
"CSIRO-OROUGHYSE-1978-2007-FULTON","AFMA","Australia","Australia","Southeast Australia","Hoplostethus atlanticus","Orange roughy","Miscellaneous demersal fishes","Very low","tl",0.519,"fully","fully",0.712042128728039,"fully","collapsed/closed","collapsed","over","over",0.164607734722028,"over",0.106530423478307,"over",0.083316948,0.182157989,0.132737469,0.265474938,"over",0.160707125,0.32141425,"over"
"CSIRO-PTOOTHFISHMI-1975-2010-FAY","AFMA","Australia","Australia","Macquarie Island","Dissostichus eleginoides","Patagonian toothfish","Miscellaneous demersal fishes","Low","tc",2.3,"under","under",0.626682651982658,"fully","collapsed/closed","collapsed","over","over",0.384415499920875,"over",0.187696064863487,"over",0.679464793,0.71746505,0.698464921,1.396929842,"fully",0.79660534,1.59321068,"under"
"CSIRO-SILVERFISHSE-1978-2006-FULTON","AFMA","Australia","Australia","Southeast Australia","Seriolella punctata","Silverfish","Miscellaneous demersal fishes","Medium","tl",1.03,"fully","fully",1.21044726534132,"fully","fully exploited","developing","fully","under",1.03810665888733,"fully",0.923970179095977,"fully",0.460924437,0.424112032,0.442518234,0.885036468,"fully",0.421434172,0.842868344,"fully"
"CSIRO-SWHITSE-1945-2007-FULTON","AFMA","Australia","Australia","Southeast Australia","Sillago flindersi","School whiting","Miscellaneous coastal fishes","Medium","tl",0.663,"fully","fully",0.980444193351369,"fully","fully exploited","developing","fully","under",1.06016009090781,"fully",0.981092480245303,"fully",0.223235628,0.255029671,0.23913265,0.4782653,"over",0.33204926,0.66409852,"fully"
"CSIRO-TIGERFLATSE-1913-2006-FULTON","AFMA","Australia","Australia","Southeast Australia","Neoplatycephalus richardsoni","Tiger flathead","Marine fishes not identified","Medium","tl",1.99,"under","fully",0.828065694829962,"fully","fully exploited","developing","fully","under",1.25956237440588,"fully",1.45284180613061,"fully",0.391720633,0.418037275,0.404878954,0.809757908,"fully",0.405569362,0.811138724,"fully"
"CSIRO-WAREHOUESE-1984-2006-FULTON","AFMA","Australia","Australia","Eastern half of Southeast Australia","Seriolella brama","whario","Miscellaneous demersal fishes","Medium","tl",0.488,"over","over",0.732558543664619,"fully","collapsed/closed","collapsed","over","over",0.37029858985964,"over",0.167570903508693,"over",0.248212822,0.273188122,0.260700472,0.521400944,"fully",0.261901093,0.523802186,"fully"
"CSIRO-WAREHOUWSE-1984-2006-FULTON","AFMA","Australia","Australia","Western half of Southeast Australia","Seriolella brama","whario","Miscellaneous demersal fishes","Medium","tl",0.413,"over","fully",1.37344873517537,"fully","fully exploited","developing","fully","under",1.45745895489469,"fully",0.989775139485928,"fully",0.398734313,0.392749134,0.395741723,0.791483446,"fully",0.439869229,0.879738458,"fully"
"DFO-CROCKWCVANISOGQCI-1945-2009-STANTON","DFO","Canada","Canada West Coast","West Coast of Vancouver Island and Straight of Georgia and Queen Charlotte Islands","Sebastes pinniger","Canary rockfish","Miscellaneous demersal fishes","Low","tc",1.37,"fully","fully",1.3143376658152,"fully","overfished","overexploited","over","over",0.51115432769433,"fully",0.58320572332302,"fully",0.457800724,0.501099039,0.479449882,0.958899764,"fully",0.43201002,0.86402004,"fully"
"DFO-MAR-HAD4X5Y-1970-2011-CHING","DFO","Canada","Canada East Coast","Western Scotian Shelf, Bay of Fundy and Gulf of Maine","Melanogrammus aeglefinus","Haddock","Cods, hakes, haddocks","Medium","tl",0.822,"fully","fully",0.416301709670433,"over","overfished","overexploited","over","over",0.439648963350556,"over",0.282892210455854,"over",0.205105564,0.248097012,0.226601288,0.453202576,"over",0.236539129,0.473078258,"over"
"DFO-PAC-PCODHS-1956-2005-COLLIE","DFO","Canada","Canada West Coast","Hecate Strait","Gadus macrocephalus","Pacific cod","Cods, hakes, haddocks","Low","tl",1.2,"fully","fully",0.422811999915865,"over","collapsed/closed","collapsed","over","over",0.438056722774006,"over",0.101488546577717,"over",0.174898049,0.373337203,0.274117626,0.548235252,"fully",0.259141846,0.518283692,"fully"
"DFO-PAC-PCODWCVANI-1956-2002-COLLIE","DFO","Canada","Canada West Coast","West Coast of Vancouver Island","Gadus macrocephalus","Pacific cod","Cods, hakes, haddocks","Low","tl",1.04,"fully","fully",0.377132718812517,"over","collapsed/closed","collapsed","over","over",0.438331255404649,"over",0.199515250995824,"over",0.546177592,0.464465492,0.505321542,1.010643084,"fully",0.689112102,1.378224204,"fully"
"DFO-PAC-SABLEFPCAN-1913-2010-HIVELY","DFO","Canada","Canada West Coast","Pacific Coast of Canada","Anoplopoma fimbria","Sablefish","Miscellaneous demersal fishes","Low","tl",0.785,"fully","fully",1.2834967237237,"fully","overfished","overexploited","over","over",0.449099605745919,"over",0.42421537182875,"over",0.252918084,0.287572642,0.270245363,0.540490726,"fully",0.257611526,0.515223052,"fully"
"FAO-SPNWA-RSARDINWA-1990-2010-CHING","FAO","Other-RFMO","West Africa","West Africa","Sardinella aurita","Round sardinella","Herrings, sardines, anchovies","High","tc",5.79,"under","fully",1.27453222503989,"fully","fully exploited","developing","fully","under",1.15607052653155,"fully",1.37207803376001,"fully",0.99766669,0.706125289,0.851895989,1.703791978,"under",0.860043987,1.720087974,"under"
"FAO-SPNWA-SARDINWA-1990-2010-CHING","FAO","Other-RFMO","West Africa","West Africa","Sardinella spp","Sardinella","Herrings, sardines, anchovies","High","tc",0.55,"fully","fully",1.27453222503989,"fully","fully exploited","developing","fully","under",1.15469328787025,"fully",1.37539687473511,"fully",0.99766669,0.706125289,0.851895989,1.703791978,"under",0.861334154,1.722668308,"under"
"FAO-SPNWA-SARDWAZC-1990-2010-CHING","FAO","Other-RFMO","West Africa","West Africa Zone C","Sardina pilchardus","European pilchard","Herrings, sardines, anchovies","Medium","tc",0.679,"fully","under",0.625327310611896,"fully","fully exploited","developing","fully","under",1.43321632106735,"fully",0.948725866981407,"fully",0.847081938,0.638863126,0.742972532,1.485945064,"fully",0.832221732,1.664443464,"under"
"HAWG-HERR2224IIIa-1991-2011-NEUBAUER","ICES","Other-RFMO","European Union","22-24-IIIa","Clupea harengus","Herring","Herrings, sardines, anchovies","Medium","tl",1.49,"fully","fully",0.472060208100899,"over","overfished","overexploited","over","over",0.415643235165633,"over",0.284941083585632,"over",0.19129609,0.206420416,0.198858253,0.397716506,"over",0.216704603,0.433409206,"over"
"IATTC-BIGEYEEPAC-1975-2011-BRANCH","IATTC","Tuna-RFMO","Pacific Ocean","Eastern Pacific","Thunnus obesus","Bigeye tuna","Tunas, bonitos, billfishes","Medium","tc",1.24,"fully","fully",0.994879916637584,"fully","fully exploited","developing","fully","under",1.17206789663046,"fully",0.79498376508345,"fully",0.457744714,0.388072834,0.422908774,0.845817548,"fully",0.393971507,0.787943014,"fully"
"IATTC-STMARLINNEPAC-1954-2009-BRANCH","IATTC","Tuna-RFMO","Atlantic Ocean","Northeast Pacific","Kajikia audax","Striped marlin","Tunas, bonitos, billfishes","Medium","tc",1.52,"under","under",0.652776880834941,"fully","overfished","overexploited","over","over",0.471898165820058,"over",0.317408610825079,"over",0.408047476,0.371312047,0.389679761,0.779359522,"fully",0.36891992,0.73783984,"fully"
"IATTC-YFINEPAC-1975-2011-BRANCH","IATTC","Tuna-RFMO","Pacific Ocean","Northeast Pacific","Thunnus albacares","Yellowfin tuna","Tunas, bonitos, billfishes","Medium","tc",0.713,"fully","fully",1.05738829732315,"fully","fully exploited","developing","fully","under",1.23671754648279,"fully",0.859975222237799,"fully",0.580626526,0.539379216,0.560002871,1.120005742,"fully",0.731189765,1.46237953,"fully"
"ICCAT-ALBANATL-1950-2010-CHING","ICCAT","Tuna-RFMO","Atlantic Ocean","Northern Atlantic","Thunnus alalunga","Albacore tuna","Tunas, bonitos, billfishes","Medium","tc",0.63,"fully","fully",0.663529245345412,"fully","overfished","overexploited","over","over",0.486706948357277,"over",0.323708434708675,"over",0.284173852,0.242051658,0.263112755,0.52622551,"fully",0.262586736,0.525173472,"fully"
"ICCAT-ATBTUNAWATL-1950-2010-CHING","ICCAT","Tuna-RFMO","Atlantic Ocean","Western Atlantic","Thunnus thynnus","Atlantic bluefin tuna","Tunas, bonitos, billfishes","Low","tc",0.41,"over","fully",0.569876831884146,"fully","collapsed/closed","collapsed","over","over",0.47951414314361,"over",0.181956874485681,"over",0.249146515,0.249966219,0.249556367,0.499112734,"over",0.239185487,0.478370974,"over"
"ICCAT-WMARLINATL-1956-2011-CHING","ICCAT","Tuna-RFMO","Atlantic Ocean","Atlantic Ocean","Tetrapturus albidus","White Marlin","Tunas, bonitos, billfishes","Medium","tc",0.4,"over","over",0.557422932048945,"fully","collapsed/closed","collapsed","over","over",0.44645168336919,"over",0.182304647072484,"over",0.47972837,0.459968418,0.469848394,0.939696788,"fully",0.427467838,0.854935676,"fully"
"IMARPE-PANCHPERUNC-1959-2008-HIVELY","IMARPE","Peru","South America","North-Central Peruvian coast","Engraulis ringens","Peruvian anchoveta","Herrings, sardines, anchovies","High","tl",1.47,"fully","under",0.702645093229943,"fully","fully exploited","developing","fully","under",1.29099711487642,"fully",1.13307361014895,"fully",0.483192719,0.451274223,0.467233471,0.934466942,"fully",0.810441888,1.620883776,"under"
"INIDEP-PATGRENADIERSARG-1983-2006-Parma","CFP","Argentina","South America","Southern Argentina","Macruronus magellanicus","Patagonian grenadier","Cods, hakes, haddocks","Low","tc",2.15,"under","fully",0.891576501796658,"fully","fully exploited","developing","fully","under",1.06414425572823,"fully",1.3613779932415,"fully",0.757190412,0.61857344,0.687881926,1.375763852,"fully",0.785702429,1.571404858,"under"
"IOTC-BIGEYEIO-1950-2010-CHING","IOTC","Tuna-RFMO","Indian Ocean","Indian Ocean","Thunnus obesus","Bigeye tuna","Tunas, bonitos, billfishes","Medium","tc",1.2,"fully","fully",1.14829798206814,"fully","fully exploited","developing","fully","under",0.94466733322155,"fully",0.632930079218941,"fully",0.298183591,0.261661851,0.279922721,0.559845442,"fully",0.304333676,0.608667352,"fully"
"IOTC-SKJCIO-1950-2010-CHING","IOTC","Tuna-RFMO","Indian Ocean","Indian Ocean","Katsuwonus pelamis","Skipjack tuna","Tunas, bonitos, billfishes","Medium","tc",2.56,"under","under",1.36889163613721,"fully","fully exploited","developing","fully","under",0.883293631151402,"fully",0.914047897021118,"fully",0.294672545,0.28864367,0.291658108,0.583316216,"fully",0.390264129,0.780528258,"fully"
"IOTC-SWORDIO-1950-2010-CHING","IOTC","Tuna-RFMO","Indian Ocean","Indian Ocean","Xiphias gladius","Swordfish","Tunas, bonitos, billfishes","Low","tc",1.59,"under","under",1.17297926626016,"fully","fully exploited","developing","fully","under",0.86070696857271,"fully",0.802577339522604,"fully",0.280498024,0.294953462,0.287725743,0.575451486,"fully",0.299730712,0.599461424,"fully"
"IOTC-YFINEIO-1972-2009-BRANCH","IOTC","Tuna-RFMO","Indian Ocean","Indian Ocean","Thunnus albacares","Yellowfin tuna","Tunas, bonitos, billfishes","Medium","tl",0.993,"fully","fully",0.969021024303222,"fully","fully exploited","developing","fully","under",1.02970396526052,"fully",0.741823832653387,"fully",0.540570617,0.441004487,0.490787552,0.981575104,"fully",0.454432297,0.908864594,"fully"
"IPHC-PHALNPAC-1888-2014-HIVELY","IPHC","Other-RFMO","US Alaska","North Pacific","Hippoglossus stenolepis","Pacific halibut","Flounders, halibuts, soles","Low","tc",14.1,"under","fully",0.883544161800214,"fully","overfished","overexploited","over","over",0.521459873560184,"fully",0.41811439402585,"over",0.057643018,0.107789307,0.082716163,0.165432326,"over",0.151912706,0.303825412,"over"
"ISC-ALBANPAC-1952-2010-CHING","ISC","Tuna-RFMO","US West Coast","North Pacific Ocean","Thunnus alalunga","Albacore tuna","Tunas, bonitos, billfishes","Medium","tc",1.18,"fully","fully",1.06489560444111,"fully","fully exploited","developing","fully","under",1.28797917162387,"fully",0.696114164395164,"fully",0.460427996,0.522538771,0.491483384,0.982966768,"fully",0.459232287,0.918464574,"fully"
"ISC-BMARLINPAC-1952-2010-CHING","ISC","Tuna-RFMO","Pacific Ocean","Pacific Ocean","Makaira nigricans","Blue marlin","Tunas, bonitos, billfishes","Medium","tc",0.548,"fully","over",0.901363793104516,"fully","fully exploited","developing","fully","under",1.35946480568855,"fully",1.13411817292402,"fully",0.664584038,0.539627584,0.602105811,1.204211622,"fully",0.758035356,1.516070712,"under"
"ISC-PACBTUNA-1952-2008-CHING","ISC","Tuna-RFMO","Pacific Ocean","Pacific Ocean","Thunnus orientalis","Pacific bluefin tuna","Tunas, bonitos, billfishes","Low","tc",0.42,"over","fully",0.931502848587872,"fully","fully exploited","developing","fully","under",1.30719309787239,"fully",0.818542332953006,"fully",0.905373942,0.685838355,0.795606149,1.591212298,"under",0.817501929,1.635003858,"under"
"ISC-STMARLINWCNPAC-1951-2010-CHING","ISC","Tuna-RFMO","Pacific Ocean","Western and Central North Pacific","Kajikia audax","Striped marlin","Tunas, bonitos, billfishes","Medium","tc",0.35,"over","over",0.623726336438341,"fully","overfished","overexploited","over","over",0.447699362090758,"over",0.262495445464081,"over",0.217733234,0.265756665,0.24174495,0.4834899,"over",0.236832335,0.47366467,"over"
"ISC-SWORDNPAC-1952-2010-CHING","ISC","Tuna-RFMO","Pacific Ocean","North Pacific Ocean","Xiphias gladius","Swordfish","Tunas, bonitos, billfishes","Low","tc",2.4,"under","fully",0.905217216380389,"fully","fully exploited","developing","fully","under",1.19289893732085,"fully",0.654818060980428,"fully",0.377899427,0.418087728,0.397993577,0.795987154,"fully",0.402397946,0.804795892,"fully"
"MARAM-CHAKESA-1917-2013-Rademeyer","DETMCM","South Africa","South Africa","South Africa","Merluccius capensis","Shallow-water cape hake","Cods, hakes, haddocks","Low","tc",1.91,"under","fully",0.548805125409625,"fully","overfished","overexploited","over","over",0.499300781021273,"over",0.36009668617715,"over",0.335914587,0.283739657,0.309827122,0.619654244,"fully",0.307284748,0.614569496,"fully"
"MARAM-CTRACSA-1949-2013-Furman","DETMCM","South Africa","South Africa","South Africa South coast","Trachurus capensis","Cape horse mackerel","Miscellaneous pelagic fishes","Medium","tc",2.48,"under","under",0.618330000968389,"fully","overfished","rebuilding","over","over",0.520310525855996,"fully",0.341989407193249,"over",0.453618865,0.418881664,0.436250264,0.872500528,"fully",0.397420293,0.794840586,"fully"
"MARAM-DEEPCHAKESA-1917-2013-Rademeyer","DETMCM","South Africa","South Africa","South Africa","Merluccius paradoxus","Deep-water cape hake","Cods, hakes, haddocks","Low","tc",0.96,"fully","fully",0.750914362889207,"fully","fully exploited","developing","fully","under",1.22523707948508,"fully",1.03115358948205,"fully",0.490688858,0.485548171,0.488118514,0.976237028,"fully",0.467923636,0.935847272,"fully"
"NAFO-SC-REDFISHSPP3LN-1959-2008-BAUM","NAFO","Other-RFMO","Canada East Coast","N and SW Grand Banks","Sebastes spp","Sebastes species","Miscellaneous demersal fishes","Low","tc",1.88,"under","fully",0.761525042840307,"fully","collapsed/closed","collapsed","over","over",0.427278170570385,"over",0.101674889472882,"over",0.489328969,0.549452903,0.519390936,1.038781872,"fully",0.681274781,1.362549562,"fully"
"NAFO-SC-YELL3LNO-1960-2009-BAUM","NAFO","Other-RFMO","Canada East Coast","Grand Banks","Limanda ferruginea","Yellowtail flounder","Flounders, halibuts, soles","Medium","tc",1.64,"under","fully",0.430214975291073,"over","overfished","rebuilding","over","over",0.445006368804392,"over",0.207490957247034,"over",0.267497291,0.222296488,0.244896889,0.489793778,"over",0.234452164,0.468904328,"over"
"NEFSC-ACADREDGOMGB-1913-2007-MILLER","NMFS","United States","US East Coast","Gulf of Maine / Georges Bank","Sebastes fasciatus","Acadian redfish","Miscellaneous demersal fishes","Low","tc",0.866,"fully","fully",0.788638077919683,"fully","collapsed/closed","collapsed","over","over",0.45063800699573,"over",0.0764271873035677,"over",0.107298039,0.16742729,0.137362664,0.274725328,"over",0.164606056,0.329212112,"over"
"NEFSC-AMPL5YZ-1960-2008-OBRIEN","NMFS","United States","US East Coast","Gulf of Maine / Georges Bank","Hippoglossoides platessoides","American plaice","Flounders, halibuts, soles","Low","tl",0.704,"fully","fully",0.470281932272029,"over","collapsed/closed","collapsed","over","over",0.42869448490378,"over",0.186168636067842,"over",0.01,0.06452273,0.037261365,0.07452273,"over",0.114758248,0.229516496,"over"
"NEFSC-BLUEFISHATLC-1981-2007-SHEPHERD","NMFS","United States","US East Coast","Atlantic Coast","Pomatomus saltatrix","Bluefish","Miscellaneous pelagic fishes","Medium","tc",1.05,"fully","fully",0.560372854925735,"fully","overfished","overexploited","over","over",0.45118598252903,"over",0.232910026726836,"over",0.769361257,0.65413303,0.711747143,1.423494286,"fully",0.800147573,1.600295146,"under"
"NEFSC-BSBASSMATLC-1968-2007-SHEPHERD","NMFS","United States","US East Coast","Mid-Atlantic Coast","Centropristis striata","Black sea bass","Miscellaneous coastal fishes","Medium","tc",0.916,"fully","fully",0.601407600499864,"fully","overfished","overexploited","over","over",0.549187461028293,"fully",1.03861892289573,"fully",0.076675038,0.224277468,0.150476253,0.300952506,"over",0.243252429,0.486504858,"over"
"NEFSC-CODGB-1976-2011-CHING","NMFS","United States","US East Coast","Georges Bank","Gadus morhua","Atlantic cod","Cods, hakes, haddocks","Medium","tc",0.119,"over","fully",0.372428638435821,"over","collapsed/closed","collapsed","over","over",0.399548850705818,"over",0.152119264497924,"over",0.594639793,0.5975334,0.596086596,1.192173192,"fully",0.739507417,1.479014834,"fully"
"NEFSC-CODGOM-1981-2011-CHING","NMFS","United States","US East Coast","Gulf of Maine","Gadus morhua","Atlantic cod","Cods, hakes, haddocks","Medium","tc",0.181,"over","over",0.477742739101586,"over","overfished","overexploited","over","over",0.481637306155148,"over",0.430400278998005,"over",0.578188743,0.597280424,0.587734584,1.175469168,"fully",0.731562729,1.463125458,"fully"
"NEFSC-HAD5Y-1964-2011-CHING","NMFS","United States","US East Coast","Gulf of Maine","Melanogrammus aeglefinus","Haddock","Cods, hakes, haddocks","Medium","tc",0.585,"fully","fully",0.427048360991669,"over","overfished","rebuilding","over","over",0.46502373187329,"over",0.231871622229903,"over",0.347943109,0.357872402,0.352907755,0.70581551,"fully",0.324960115,0.64992023,"fully"
"NEFSC-HADGB-1931-2010-CHING","NMFS","United States","US East Coast","Georges Bank","Melanogrammus aeglefinus","Haddock","Cods, hakes, haddocks","Medium","tc",1.34,"fully","fully",0.413635933695309,"over","overfished","rebuilding","over","over",0.492740837444836,"over",0.177474077042733,"over",0.582868766,0.519450227,0.551159497,1.102318994,"fully",0.715359836,1.430719672,"fully"
"NEFSC-POLL5YZ-1960-2009-CHING","NMFS","United States","US East Coast","Gulf of Maine / Georges Bank","Pollachius virens","Pollock","Cods, hakes, haddocks","Medium","tc",2.15,"under","fully",0.580959861873981,"fully","overfished","overexploited","over","over",0.492409713934984,"over",0.415670217018149,"over",0.418336875,0.395287929,0.406812402,0.813624804,"fully",0.374922465,0.74984493,"fully"
"NEFSC-SCALL5ZMAB-1964-2013-HIVELY","NMFS","United States","US East Coast","Georges Bank and Mid-Atlantic Bight","Placopecten magellanicus","Sea scallop","Scallops, pectens","Medium","tl",1.37,"fully","fully",0.205777137838625,"over","fully exploited","developing","fully","under",0.955271055586321,"fully",0.884093527938962,"fully",0.748768,0.582894196,0.665831098,1.331662196,"fully",0.759245782,1.518491564,"under"
"NEFSC-SCUPNWATLC-1960-2007-TERCEIRO","NMFS","United States","US East Coast","Northwestern Atlantic Coast","Stenotomus chrysops","Scup","Miscellaneous coastal fishes","Medium","tc",1.3,"fully","fully",0.450685066492425,"over","overfished","overexploited","over","over",0.461749265773698,"over",0.136927604062742,"over",0.240127368,0.257877538,0.249002453,0.498004906,"over",0.248597388,0.497194776,"over"
"NEFSC-SFLOUNMATLC-1940-2012-HIVELY","NMFS","United States","US East Coast","Mid-Atlantic Coast","Paralichthys dentatus","Summer flounder","Flounders, halibuts, soles","Medium","tl",0.821,"fully","fully",0.751025779597163,"fully","overfished","overexploited","over","over",0.498073273423067,"over",0.601947138346613,"fully",0.628826976,0.558851359,0.593839167,1.187678334,"fully",0.740084493,1.480168986,"fully"
"NEFSC-SURFMATLC-1965-2008-JACOBSON","NMFS","United States","US East Coast","Mid-Atlantic Coast","Spisula solidissima","Atlantic surfclam","Clams, cockles, arkshells","Medium","tl",1.62,"under","under",1.81824200408479,"under","fully exploited","developing","fully","under",1.25457059149837,"fully",1.05525482175922,"fully",0.375311997,0.319785481,0.347548739,0.695097478,"fully",0.335908697,0.671817394,"fully"
"NEFSC-TILEMATLC-1915-2012-HIVELY","NMFS","United States","US East Coast","Mid-Atlantic Coast","Lopholatilus chamaeleonticeps","Tilefish","Miscellaneous demersal fishes","Low","tl",1.01,"fully","fully",0.711882311934224,"fully","overfished","rebuilding","over","over",0.465301420465674,"over",0.0909920527634747,"over",0.745851186,0.670437642,0.708144414,1.416288828,"fully",0.796223172,1.592446344,"under"
"NEFSC-WHAKEGBGOM-1963-2007-SOSEBEE","NMFS","United States","US East Coast","Gulf of Maine / Georges Bank","Urophycis tenuis","White hake","Cods, hakes, haddocks","Low","tc",0.352,"over","fully",0.449634748826551,"over","overfished","overexploited","over","over",0.44306452329859,"over",0.346783483881797,"over",0.04820339,0.158666166,0.103434778,0.206869556,"over",0.154343033,0.308686066,"over"
"NEFSC-WINFLOUN5Z-1964-2011-HIVELY","NMFS","United States","US East Coast","Georges Bank","Pseudopleuronectes americanus","Winter flounder","Flounders, halibuts, soles","Medium","tc",0.822,"fully","fully",0.590752993744687,"fully","overfished","overexploited","over","over",0.485243759700254,"over",0.608223162607011,"fully",0.068580741,0.230971466,0.149776104,0.299552208,"over",0.198246708,0.396493416,"over"
"NEFSC-WINFLOUNSNEMATL-1980-2010-HIVELY","NMFS","United States","US East Coast","Southern New England /Mid Atlantic","Pseudopleuronectes americanus","Winter flounder","Flounders, halibuts, soles","Medium","tc",0.162,"over","over",0.363890718571008,"over","collapsed/closed","collapsed","over","over",0.374070042785487,"over",0.0933057744361652,"over",0.346348347,0.292307253,0.3193278,0.6386556,"fully",0.284833572,0.569667144,"fully"
"NEFSC-WITFLOUN5Y-1982-2008-WIGLEY","NMFS","United States","US East Coast","Gulf of Maine","Glyptocephalus cynoglossus","Witch flounder","Flounders, halibuts, soles","Low","tc",0.3,"over","over",0.419333387401501,"over","overfished","overexploited","over","over",0.432945855756667,"over",0.37656049289109,"over",0.247090294,0.256446116,0.251768205,0.50353641,"fully",0.246252672,0.492505344,"over"
"NEFSC-YELLCCODGOM-1935-2008-LEGAULT","NMFS","United States","US East Coast","Cape Cod / Gulf of Maine","Limanda ferruginea","Yellowtail flounder","Flounders, halibuts, soles","Medium","tc",0.247,"over","over",0.56789289695084,"fully","overfished","overexploited","over","over",0.434604509189987,"over",0.212108037668153,"over",0.003521918,0.123952772,0.063737345,0.12747469,"over",0.129562566,0.259125132,"over"
"NEFSC-YELLGB-1935-2008-BAUM","NMFS","United States","US East Coast","Georges Bank","Limanda ferruginea","Yellowtail flounder","Flounders, halibuts, soles","Medium","tc",0.221,"over","over",0.507523631566255,"fully","collapsed/closed","collapsed","over","over",0.426888486677103,"over",0.187327906841921,"over",0.01,0.073083239,0.041541619,0.083083238,"over",0.116855283,0.233710566,"over"
"NEFSC-YELLSNEMATL-1935-2008-BAUM","NMFS","United States","US East Coast","Southern New England /Mid Atlantic","Limanda ferruginea","Yellowtail flounder","Flounders, halibuts, soles","Medium","tc",0.128,"over","over",0.500670341004684,"fully","collapsed/closed","collapsed","over","over",0.398220550360872,"over",0.0700836851247092,"over",0.01,0.01,0.01,0.02,"over",0.097528478,0.195056956,"over"
"NIWA-AUSSALMONNZ-1975-2006-JENSEN","MFish","New Zealand","New Zealand","New Zealand","Arripis trutta","Australian salmon","Miscellaneous coastal fishes","Medium","tc",1.64,"under","fully",0.620804052138212,"fully","overfished","overexploited","over","over",0.500381029265255,"fully",0.999067617743424,"fully",0.119586982,0.26937939,0.194483186,0.388966372,"over",0.227584323,0.455168646,"over"
"NIWA-BKCDLFENI-1923-2009-CORDUE","MFish","New Zealand","New Zealand","East coast of North Island","Epigonus telescopus","Black cardinalfish","Miscellaneous demersal fishes","Very low","tc",0.429,"over","over",0.786085506749348,"fully","overfished","overexploited","over","over",0.234469884185892,"over",0.423397312336874,"over",0.325793645,0.398555939,0.362174792,0.724349584,"fully",0.331316263,0.662632526,"fully"
"NIWA-BLACKOREOPR-1974-2009-CORDUE","MFish","New Zealand","New Zealand","Pukaki Rise","Allocyttus niger","Black oreo","Miscellaneous demersal fishes","Very low","tc",1.43,"fully","fully",1.56529205269618,"under","fully exploited","developing","fully","under",0.872268828138465,"fully",1.14727281611263,"fully",0.79082017,0.767450381,0.779135275,1.55827055,"under",0.812843856,1.625687712,"under"
"NIWA-GSTRGZRSTA7-1964-2007-CORDUE","MFish","New Zealand","New Zealand","NZ Area STA7","Kathetostoma giganteum","Giant stargazer","Miscellaneous demersal fishes","Medium","tc",1.43,"fully","under",1.87837282999506,"under","fully exploited","developing","fully","under",1.00028883832792,"fully",0.849712654914874,"fully",0.779456739,0.567483456,0.673470097,1.346940194,"fully",0.773060819,1.546121638,"under"
"NIWA-HOKIENZ-1970-2012-CORDUE","MFish","New Zealand","New Zealand","Eastern New Zealand","Macruronus novaezelandiae","Hoki","Cods, hakes, haddocks","Low","tc",1.99,"under","fully",0.617280294504741,"fully","overfished","overexploited","over","over",0.461953040149816,"over",0.541887951341099,"fully",0.48362291,0.577391387,0.530507149,1.061014298,"fully",0.69254239,1.38508478,"fully"
"NIWA-HOKIWNZ-1970-2012-CORDUE","MFish","New Zealand","New Zealand","Western New Zealand","Macruronus novaezelandiae","Hoki","Cods, hakes, haddocks","Low","tc",1.42,"fully","fully",0.542634727244431,"fully","overfished","overexploited","over","over",0.485621091658028,"over",0.542006570135326,"fully",0.406845639,0.502180539,0.454513089,0.909026178,"fully",0.422375421,0.844750842,"fully"
"NIWA-NZLINGLIN3-4-1968-2011-CORDUE","MFish","New Zealand","New Zealand","New Zealand Areas LIN 3 and 4","Genypterus blacodes","New Zealand ling","Miscellaneous demersal fishes","Low","tc",3.13,"under","under",0.769711906092993,"fully","overfished","rebuilding","over","over",0.490672357433249,"over",0.408669248379292,"over",0.198827096,0.273799114,0.236313105,0.47262621,"over",0.243019489,0.486038978,"over"
"NIWA-NZLINGLIN5-6-1968-2011-CORDUE","MFish","New Zealand","New Zealand","New Zealand Areas LIN 5 and 6","Genypterus blacodes","New Zealand ling","Miscellaneous demersal fishes","Low","tc",4.33,"under","under",1.18697174273698,"fully","overfished","overexploited","over","over",0.485885470737619,"over",0.651751286725457,"fully",0.538132384,0.402044048,0.470088216,0.940176432,"fully",0.430503699,0.861007398,"fully"
"NIWA-OROUGHYCR-1979-2006-CORDUE","MFish","New Zealand","New Zealand","Chatham Rise","Hoplostethus atlanticus","Orange roughy","Miscellaneous demersal fishes","Very low","tc",1.96,"under","fully",0.696710937311045,"fully","overfished","rebuilding","over","over",0.282177103225426,"over",0.337424770491403,"over",0.173053218,0.309124549,0.241088883,0.482177766,"over",0.237833653,0.475667306,"over"
"NIWA-OROUGHYNZMEC-1909-2011-CORDUE","MFish","New Zealand","New Zealand","New Zealand Mid East Coast","Hoplostethus atlanticus","Orange roughy","Miscellaneous demersal fishes","Very low","tc",0.371,"over","fully",0.802143452220778,"fully","overfished","rebuilding","over","over",0.290152005146242,"over",0.187608060103035,"over",0.312451498,0.286763507,0.299607503,0.599215006,"fully",0.276694832,0.553389664,"fully"
"NIWA-PAUANPAU5A-1965-2010-CORDUE","MFish","New Zealand","New Zealand","NZ Area North PAUA 5A","Haliotis iris","Blackfoot abalone","Abalones, winkles, conchs","Low","tc",1.45,"fully","fully",1.46373197544356,"fully","fully exploited","developing","fully","under",1.13911002990331,"fully",0.55457890065651,"fully",0.466586552,0.45270663,0.459646591,0.919293182,"fully",0.426229456,0.852458912,"fully"
"NIWA-PAUAPAU7-1965-2011-CORDUE","MFish","New Zealand","New Zealand","New Zealand Area PAU 7 (Marlborough)","Haliotis iris","Blackfoot abalone","Abalones, winkles, conchs","Low","tc",0.792,"fully","under",0.924096684010409,"fully","overfished","overexploited","over","over",0.5217679638566,"fully",0.589601118968025,"fully",0.14261568,0.243810219,0.19321295,0.3864259,"over",0.223298276,0.446596552,"over"
"NIWA-PAUASPAU5A-1965-2009-CORDUE","MFish","New Zealand","New Zealand","NZ Area South PAUA 5A","Haliotis iris","Blackfoot abalone","Abalones, winkles, conchs","Low","tc",1.16,"fully","fully",1.12091640697153,"fully","fully exploited","developing","fully","under",1.1607095562344,"fully",0.628048891234464,"fully",0.49562576,0.424859693,0.460242726,0.920485452,"fully",0.423821168,0.847642336,"fully"
"NIWA-SCMPBP-1985-2010-CORDUE","MFish","New Zealand","New Zealand","Bay of Plenty","Metanephrops challengeri","Scampi","Lobsters, spiny-rock lobsters","Medium","tc",1.89,"under","under",0.590679136298897,"fully","fully exploited","developing","fully","under",1.2991817140742,"fully",0.982056839378187,"fully",0.434139366,0.316974464,0.375556915,0.75111383,"fully",0.365298521,0.730597042,"fully"
"NIWA-SCMPWHB-1985-2010-CORDUE","MFish","New Zealand","New Zealand","Wairarapa/Hawke Bay","Metanephrops challengeri","Scampi","Lobsters, spiny-rock lobsters","Medium","tc",1.65,"under","under",0.490406297412108,"over","overfished","overexploited","over","over",0.494501464745927,"over",1.02563262752027,"fully",0.468363501,0.437423591,0.452893546,0.905787092,"fully",0.420293337,0.840586674,"fully"
"NIWA-SMOOTHOREOBP-1983-2008-CORDUE","MFish","New Zealand","New Zealand","Bounty Plateau","Pseudocyttus maculatus","Smooth oreo","Miscellaneous demersal fishes","Very low","tc",1.35,"fully","fully",0.888278800003542,"fully","overfished","overexploited","over","over",0.221625139439183,"over",0.729380559234816,"fully",0.562879667,0.65230594,0.607592804,1.215185608,"fully",0.733348904,1.466697808,"fully"
"NIWA-SMOOTHOREOCR-1978-2010-CORDUE","MFish","New Zealand","New Zealand","Chatham Rise","Pseudocyttus maculatus","Smooth oreo","Miscellaneous demersal fishes","Very low","tc",1.59,"under","fully",1.55556146474509,"under","fully exploited","developing","fully","under",0.790885177788236,"fully",1.40475774952064,"fully",0.274589944,0.255063818,0.264826881,0.529653762,"fully",0.274346738,0.548693476,"fully"
"NIWA-SMOOTHOREOEPR-1973-2006-CORDUE","MFish","New Zealand","New Zealand","East Pukaki Rise","Pseudocyttus maculatus","Smooth oreo","Miscellaneous demersal fishes","Very low","tc",0.888,"fully","fully",1.1612578007146,"fully","fully exploited","developing","fully","under",0.771122684400046,"fully",1.03533682028831,"fully",0.510049138,0.529418759,0.519733949,1.039467898,"fully",0.680309917,1.360619834,"fully"
"NIWA-SMOOTHOREOSLD-1973-2007-CORDUE","MFish","New Zealand","New Zealand","Southland","Pseudocyttus maculatus","Smooth oreo","Miscellaneous demersal fishes","Very low","tc",0.793,"fully","fully",0.646795455966876,"fully","collapsed/closed","collapsed","over","over",0.216146831636868,"over",0.235292230674742,"over",0.19754386,0.274510681,0.23602727,0.47205454,"over",0.231837906,0.463675812,"over"
"NIWA-SMOOTHOREOWECR-1965-2009-CORDUE","MFish","New Zealand","New Zealand","West end of Chatham Rise","Pseudocyttus maculatus","Smooth oreo","Miscellaneous demersal fishes","Very low","tc",1.4,"fully","fully",0.892801867289785,"fully","overfished","overexploited","over","over",0.355290118150662,"over",0.303967199217456,"over",0.286116976,0.412271496,0.349194236,0.698388472,"fully",0.314838446,0.629676892,"fully"
"NIWA-SOUTHHAKESA-1974-2011-CORDUE","MFish","New Zealand","New Zealand","Sub-Antarctic","Merluccius australis","Southern hake","Cods, hakes, haddocks","Low","tc",2.4,"under","under",0.620790568852064,"fully","fully exploited","developing","fully","under",1.09495545882957,"fully",0.933490905132688,"fully",0.473850969,0.491446116,0.482648543,0.965297086,"fully",0.443658164,0.887316328,"fully"
"NIWA-TARAKNZ-1932-2007-CORDUE","MFish","New Zealand","New Zealand","Sub-Antarctic","Nemadactylus macropterus","Hawaiian morwong","Miscellaneous demersal fishes","Low","tc",2.22,"under","fully",1.87382206417873,"under","fully exploited","developing","fully","under",1.01864271920337,"fully",0.929158398162204,"fully",0.666393014,0.586171898,0.626282456,1.252564912,"fully",0.73988591,1.47977182,"fully"
"NMFS-STMARLINNPAC-1952-2004-BRANCH","NMFS","United States","Pacific Ocean","North Pacific","Kajikia audax","Striped marlin","Tunas, bonitos, billfishes","Medium","tl",0.387,"over","under",0.667797541303998,"fully","overfished","overexploited","over","over",0.460021490383289,"over",0.293652364642658,"over",0.19512007,0.247736805,0.221428438,0.442856876,"over",0.225642471,0.451284942,"over"
"NWFSC-ARFLOUNDPCOAST-1916-2007-BRANCH","NMFS","United States","US West Coast","Pacific Coast","Atheresthes stomias","Arrowtooth flounder","Flounders, halibuts, soles","Low","tc",3.81,"under","under",0.801265588177549,"fully","overfished","overexploited","over","over",0.453912741014164,"over",0.386335835844182,"over",0.712612141,0.608205152,0.660408646,1.320817292,"fully",0.773983935,1.54796787,"under"
"NWFSC-BGROCKPCOAST-1950-2011-STACHURA","NMFS","United States","US West Coast","Pacific Coast","Sebastes melanostomus","Blackgill rockfish","Miscellaneous demersal fishes","Very low","tc",1.3,"fully","fully",0.969416027623498,"fully","overfished","rebuilding","over","over",0.372087366385339,"over",0.296231809702268,"over",0.274577454,0.341231416,0.307904435,0.61580887,"fully",0.284375938,0.568751876,"fully"
"NWFSC-BLACKROCKNPCOAST-1914-2006-BRANCH","NMFS","United States","US West Coast","Northern Pacific Coast","Sebastes melanops","Black rockfish","Miscellaneous demersal fishes","Low","tc",1.77,"under","fully",1.48785737660977,"fully","overfished","overexploited","over","over",0.489322508835018,"over",0.598064349608788,"fully",0.665661151,0.571265068,0.61846311,1.23692622,"fully",0.743958129,1.487916258,"fully"
"NWFSC-CABEZORECOAST-1973-2009-STACHURA","NMFS","United States","US West Coast","Oregon Coast","Scorpaenichthys marmoratus","Cabezon","Miscellaneous coastal fishes","Medium","tc",1.31,"fully","under",0.909167613998384,"fully","fully exploited","developing","fully","under",1.12178025618678,"fully",0.491660994823318,"over",0.571658052,0.465745148,0.5187016,1.0374032,"fully",0.682957914,1.365915828,"fully"
"NWFSC-CROCKPCOAST-1916-2011-STACHURA","NMFS","United States","US West Coast","Pacific Coast","Sebastes pinniger","Canary rockfish","Miscellaneous demersal fishes","Low","tc",0.617,"fully","fully",1.05900345970307,"fully","collapsed/closed","collapsed","over","over",0.422325144475816,"over",0.0884572763167031,"over",0.20653575,0.216181019,0.211358384,0.422716768,"over",0.20769006,0.41538012,"over"
"NWFSC-ESOLEPCOAST-1876-2007-BRANCH","NMFS","United States","US West Coast","Pacific Coast","Parophrys vetulus","English sole","Flounders, halibuts, soles","Medium","tc",6.42,"under","under",0.779742051793447,"fully","overfished","overexploited","over","over",NA,NA,0.219264327027843,"over",0.230487882,0.263668293,0.247078087,0.494156174,"over",0.240313254,0.480626508,"over"
"NWFSC-KELPGREENLINGORECOAST-1979-2005-STANTON","NMFS","United States","US West Coast","Oregon Coast","Hexagrammos decagrammus","Kelp greenling","Miscellaneous coastal fishes","Medium","tc",1.28,"fully","fully",0.755335675055988,"fully","fully exploited","developing","fully","under",1.05355546653299,"fully",1.26421047643706,"fully",0.681098438,0.658718098,0.669908268,1.339816536,"fully",0.779044996,1.558089992,"under"
"NWFSC-LINGCODNPCOAST-1928-2009-STACHURA","NMFS","United States","US West Coast","Northern Pacific Coast","Ophiodon elongatus","Lingcod","Miscellaneous coastal fishes","Low","tl",2.56,"under","under",0.642654863663632,"fully","overfished","rebuilding","over","over",0.428152485226134,"over",0.163825233659441,"over",0.296741894,0.261294311,0.279018102,0.558036204,"fully",0.261192015,0.52238403,"fully"
"NWFSC-LINGCODSPCOAST-1928-2009-STACHURA","NMFS","United States","US West Coast","Southern Pacific Coast","Ophiodon elongatus","Lingcod","Miscellaneous coastal fishes","Low","tl",1.63,"under","under",0.610506554583754,"fully","collapsed/closed","collapsed","over","over",0.431884095566149,"over",0.184191531666287,"over",0.043288285,0.15577052,0.099529402,0.199058804,"over",0.144344032,0.288688064,"over"
"NWFSC-LNOSESKAPCOAST-1915-2007-BRANCH","NMFS","United States","US West Coast","Pacific Coast","Raja rhina","Longnose skate","Sharks, rays, chimaeras","Low","tc",1.76,"under","under",1.71368055356007,"under","overfished","overexploited","over","over",0.499825746470261,"over",0.537447345797557,"fully",0.455082269,0.500290732,0.477686501,0.955373002,"fully",0.431105669,0.862211338,"fully"
"NWFSC-LSTHORNHPCOAST-1964-2012-HIVELY","NMFS","United States","US West Coast","Pacific Coast","Sebastolobus altivelis","Longspine thornyhead","Miscellaneous demersal fishes","Low","tc",2.19,"under","under",0.864383682683983,"fully","overfished","overexploited","over","over",0.409634087860966,"over",0.247461491418785,"over",0.504345048,0.501231875,0.502788462,1.005576924,"fully",0.666598969,1.333197938,"fully"
"NWFSC-PHAKEPCOAST-1966-2012-CHING","NMFS","United States","US West Coast","Pacific Coast","Merluccius productus","Pacific hake","Cods, hakes, haddocks","Low","tc",1.23,"fully","fully",0.91701524596957,"fully","fully exploited","developing","fully","under",1.19889713941779,"fully",0.83772280107692,"fully",0.406808697,0.411015365,0.408912031,0.817824062,"fully",0.38711511,0.77423022,"fully"
"NWFSC-SABLEFPCOAST-1900-2011-STACHURA","NMFS","United States","US West Coast","Pacific Coast","Anoplopoma fimbria","Sablefish","Miscellaneous demersal fishes","Low","tc",1.13,"fully","fully",1.49381019439382,"fully","overfished","overexploited","over","over",0.435076240567061,"over",0.609580463637132,"fully",0.396422398,0.467141387,0.431781893,0.863563786,"fully",0.387158902,0.774317804,"fully"
"NWFSC-SSTHORNHPCOAST-1901-2005-STANTON","NMFS","United States","US West Coast","Pacific Coast","Sebastolobus alascanus","Shortspine thornyhead","Miscellaneous demersal fishes","Very low","tc",1.68,"under","under",0.904028953510765,"fully","overfished","overexploited","over","over",0.276351880519501,"over",0.335329732148153,"over",0.353215649,0.495365345,0.424290497,0.848580994,"fully",0.377500206,0.755000412,"fully"
"NWFSC-WROCKPCOAST-1916-2011-STACHURA","NMFS","United States","US West Coast","Pacific Coast","Sebastes entomelas","Widow rockfish","Miscellaneous demersal fishes","Very low","tc",1.28,"fully","fully",1.03236515500843,"fully","collapsed/closed","collapsed","over","over",0.312765108101825,"over",0.0511836618075331,"over",0.291721746,0.243112816,0.267417281,0.534834562,"fully",0.248586774,0.497173548,"over"
"NZMFishDEEPWATER-BLACKOREOWECR-1973-2007-JENSEN","MFish","New Zealand","New Zealand","West end of Chatham Rise","Allocyttus niger","Black oreo","Miscellaneous demersal fishes","Very low","tc",0.991,"fully","fully",0.762130113489093,"fully","overfished","overexploited","over","over",0.35172462573305,"over",0.31582357201763,"over",0.201920467,0.310708149,0.256314308,0.512628616,"fully",0.248925865,0.49785173,"over"
"NZMFishINSHOREWG-BNSNZ-1935-2011-CORDUE","MFish","New Zealand","New Zealand","New Zealand","Hyperoglyphe antarctica","Bluenose","Miscellaneous demersal fishes","Low","tc",0.658,"fully","fully",1.93402119021907,"under","fully exploited","developing","fully","under",0.855033251301502,"fully",0.834584941723916,"fully",0.209085174,0.250499123,0.229792148,0.459584296,"over",0.24525703,0.49051406,"over"
"NZMFishINSHOREWG-NZSNAPNZ8-1931-2005-JENSEN","MFish","New Zealand","New Zealand","New Zealand Area 8 (Auckland and Central West)","Chrysophrys auratus","New Zealand snapper","Miscellaneous coastal fishes","Low","tc",0.353,"over","fully",0.653677872578167,"fully","overfished","overexploited","over","over",0.471466147785084,"over",0.310189869337089,"over",0.067719555,0.191566959,0.129643257,0.259286514,"over",0.167871916,0.335743832,"over"
"NZMFishINSHOREWG-TREVALLYTRE7-1944-2005-JENSEN","MFish","New Zealand","New Zealand","New Zealand Areas TRE 7","Pseudocaranx dentex","Trevally","Miscellaneous pelagic fishes","Medium","tc",1.44,"fully","fully",1.16018827124687,"fully","fully exploited","developing","fully","under",1.22247355509611,"fully",1.06260818228813,"fully",0.507658489,0.461113499,0.484385994,0.968771988,"fully",0.438693054,0.877386108,"fully"
"NZMFishMIDDEPTHSWG-GEMFISHNZ-1952-2007-JENSEN","MFish","New Zealand","New Zealand","New Zealand","Rexea solandri","common gemfish","Miscellaneous demersal fishes","Low","tc",1.64,"under","under",1.01922487991036,"fully","overfished","overexploited","over","over",0.391582445383962,"over",0.299041495482404,"over",0.566187352,0.473263481,0.519725417,1.039450834,"fully",0.687442792,1.374885584,"fully"
"NZMFishMIDDEPTHSWG-NZLINGLIN6b-1980-2006-JENSEN","MFish","New Zealand","New Zealand","New Zealand Areas LIN 6b","Genypterus blacodes","New Zealand ling","Miscellaneous demersal fishes","Low","tc",2.19,"under","under",0.79992633801068,"fully","overfished","rebuilding","over","over",0.428637195491128,"over",0.366884950567362,"over",0.736288052,0.618783769,0.67753591,1.35507182,"fully",0.777515287,1.555030574,"under"
"NZMFishMIDDEPTHSWG-NZLINGLIN72-1972-2007-JENSEN","MFish","New Zealand","New Zealand","New Zealand Areas LIN 72","Genypterus blacodes","New Zealand ling","Miscellaneous demersal fishes","Low","tc",2.49,"under","under",1.37476088970653,"fully","fully exploited","developing","fully","under",1.16271625556786,"fully",0.940128260852539,"fully",0.594865508,0.576028353,0.585446931,1.170893862,"fully",0.729115444,1.458230888,"fully"
"NZMFishMIDDEPTHSWG-NZLINGLIN7WC-1972-2008-JENSEN","MFish","New Zealand","New Zealand","New Zealand Areas LIN 7WC-WCSI","Genypterus blacodes","New Zealand ling","Miscellaneous demersal fishes","Low","tc",2.21,"under","under",1.04341019140004,"fully","overfished","overexploited","over","over",0.532374664270476,"fully",0.756880947509003,"fully",0.767284815,0.739375078,0.753329946,1.506659892,"under",0.817987898,1.635975796,"under"
"PFMC-CABEZNCAL-1930-2009-CHING","NMFS","United States","US West Coast","Northern California","Scorpaenichthys marmoratus","Cabezon","Miscellaneous coastal fishes","Medium","tc",1.82,"under","under",0.587129541834267,"fully","overfished","overexploited","over","over",0.402527732207836,"over",0.174326027017861,"over",0.443933606,0.486054345,0.464993975,0.92998795,"fully",0.424999958,0.849999916,"fully"
"PFMC-CABEZSCAL-1930-2009-CHING","NMFS","United States","US West Coast","Southern California","Scorpaenichthys marmoratus","Cabezon","Miscellaneous coastal fishes","Medium","tc",2.36,"under","under",0.557482902092017,"fully","collapsed/closed","collapsed","over","over",0.367288436408223,"over",0.0913321460589327,"over",0.392189881,0.390794723,0.391492302,0.782984604,"fully",0.359881654,0.719763308,"fully"
"PFMC-PSOLEPCOAST-1930-2011-CHING","NMFS","United States","US West Coast","Pacific Coast","Eopsetta jordani","Petrale sole","Flounders, halibuts, soles","Medium","tc",0.813,"fully","under",0.513422473253295,"fully","overfished","overexploited","over","over",0.496978829293155,"over",0.494813310317444,"over",0.292338106,0.281464603,0.286901355,0.57380271,"fully",0.270024075,0.54004815,"fully"
"SEFSC-BLACKGROUPERGMSATL-1986-2008-THORSON","NMFS","United States","US Southeast/Gulf","Gulf of Mexico and South Atlantic","Mycteroperca bonaci","Black grouper","Miscellaneous coastal fishes","Low","tc",1.4,"fully","fully",0.461611841306075,"over","overfished","overexploited","over","over",0.445655430821787,"over",0.321023925737678,"over",0.346513591,0.360869253,0.353691422,0.707382844,"fully",0.326075854,0.652151708,"fully"
"SEFSC-BSBASSSATL-1950-2010-HIVELY","NMFS","United States","US Southeast/Gulf","South Atlantic","Centropristis striata","Black sea bass","Miscellaneous coastal fishes","Medium","tl",0.703,"fully","fully",0.681188540710802,"fully","overfished","overexploited","over","over",0.508925773046562,"fully",0.595389394195022,"fully",0.622179828,0.63594935,0.629064589,1.258129178,"fully",0.769948348,1.539896696,"under"
"SEFSC-GAGGM-1963-2012-HIVELY","NMFS","United States","US Southeast/Gulf","Gulf of Mexico","Mycteroperca microlepis","Gag","Miscellaneous coastal fishes","Low","tc",0.558,"fully","fully",0.559130983081727,"fully","overfished","overexploited","over","over",0.447501933689485,"over",0.300580624388739,"over",0.201850731,0.296724107,0.249287419,0.498574838,"over",0.240158181,0.480316362,"over"
"SEFSC-RGROUPSATL-1976-2009-HIVELY","NMFS","United States","US Southeast/Gulf","South Atlantic","Epinephelus morio","Red grouper","Miscellaneous coastal fishes","Low","tc",0.749,"fully","fully",0.721998724547017,"fully","fully exploited","developing","fully","under",1.34375306231376,"fully",0.994232783584464,"fully",0.887644342,0.587027801,0.737336072,1.474672144,"fully",0.802211232,1.604422464,"under"
"SEFSC-RPORGYSATLC-1972-2012-HIVELY","NMFS","United States","US Southeast/Gulf","Southern Atlantic coast","Pagrus pagrus","Common seabream","Miscellaneous coastal fishes","Medium","tl",0.474,"over","over",0.462846906831614,"over","overfished","rebuilding","over","over",0.434937306833944,"over",0.209615026074953,"over",0.40689777,0.343339918,0.375118844,0.750237688,"fully",0.338476398,0.676952796,"fully"
"SEFSC-SNOWGROUPSATLC-1974-2013-HIVELY","NMFS","United States","US Southeast/Gulf","Southern Atlantic coast","Epinephelus niveatus","Snowy grouper","Miscellaneous coastal fishes","Low","tl",0.574,"fully","fully",0.533233180879488,"fully","overfished","rebuilding","over","over",0.47044917892102,"over",0.277361399887222,"over",0.490840553,0.383392744,0.437116649,0.874233298,"fully",0.398193904,0.796387808,"fully"
"SEFSC-SPANMACKGM-1886-2011-HIVELY","NMFS","United States","US Southeast/Gulf","Gulf of Mexico","Scomberomorus maculatus","Spanish mackerel","Tunas, bonitos, billfishes","Medium","tl",1.84,"under","fully",0.667735255895124,"fully","overfished","rebuilding","over","over",0.436311886328642,"over",0.22490278422032,"over",0.041263046,0.256645143,0.148954095,0.29790819,"over",0.182876084,0.365752168,"over"
"SEFSC-SPANMACKSATLC-1950-2012-HIVELY","NMFS","United States","US Southeast/Gulf","Southern Atlantic coast","Scomberomorus maculatus","Spanish mackerel","Tunas, bonitos, billfishes","Medium","tl",1.2,"fully","fully",0.832150260307317,"fully","overfished","overexploited","over","over",0.552708485256021,"fully",0.617278299816072,"fully",0.01,0.163110982,0.086555491,0.173110982,"over",0.195109749,0.390219498,"over"
"SEFSC-VSNAPSATLC-1946-2008-STANTON","NMFS","United States","US Southeast/Gulf","Southern Atlantic coast","Rhomboplites aurorubens","Vermilion snapper","Miscellaneous coastal fishes","Medium","tc",0.801,"fully","fully",0.980943342686734,"fully","fully exploited","developing","fully","under",1.03325853377637,"fully",0.645189330291869,"fully",0.414427219,0.357575579,0.386001399,0.772002798,"fully",0.37298099,0.74596198,"fully"
"SEFSC-YEGROUPGM-1975-2009-HIVELY","NMFS","United States","US Southeast/Gulf","Gulf of Mexico","Epinephelus flavolimbatus","Yellowedge grouper","Miscellaneous coastal fishes","Low","tl",1.67,"under","fully",0.476055160927609,"over","overfished","overexploited","over","over",0.480235789632628,"over",0.421756246062355,"over",0.23207632,0.325280322,0.278678321,0.557356642,"fully",0.272536916,0.545073832,"fully"
"SPC-ALBASPAC-1965-2007-BRANCH","WCPFC","Tuna-RFMO","Pacific Ocean","South Pacific Ocean","Thunnus alalunga","Albacore tuna","Tunas, bonitos, billfishes","Medium","tc",1.39,"fully","fully",1.25022556293406,"fully","fully exploited","developing","fully","under",1.09841543799783,"fully",0.855487757099295,"fully",0.379081494,0.298838978,0.338960236,0.677920472,"fully",0.349077449,0.698154898,"fully"
"SPC-BIGEYECWPAC-1952-2010-CHING","WCPFC","Tuna-RFMO","Pacific Ocean","Central Western Pacific Ocean","Thunnus obesus","Bigeye tuna","Tunas, bonitos, billfishes","Medium","tc",1.09,"fully","fully",1.34596189381134,"fully","fully exploited","developing","fully","under",1.11858992692755,"fully",1.01206291632054,"fully",0.382521038,0.346373355,0.364447196,0.728894392,"fully",0.345586309,0.691172618,"fully"
"SPC-BIGEYEWPO-1952-2006-JENSEN","WCPFC","Tuna-RFMO","Pacific Ocean","Western Pacific Ocean","Thunnus obesus","Bigeye tuna","Tunas, bonitos, billfishes","Medium","tc",1.21,"fully","fully",1.53208403219293,"under","fully exploited","developing","fully","under",1.11692648362517,"fully",0.851621932468978,"fully",0.665987579,0.563255117,0.614621348,1.229242696,"fully",0.740370945,1.48074189,"fully"
"SPC-SKJCWPAC-1950-2011-CHING","WCPFC","Tuna-RFMO","Pacific Ocean","Central Western Pacific Ocean","Katsuwonus pelamis","Skipjack tuna","Tunas, bonitos, billfishes","Medium","tc",2.34,"under","fully",1.78523508494455,"under","fully exploited","developing","fully","under",0.930393192079723,"fully",0.863887582268564,"fully",0.335454087,0.309061209,0.322257648,0.644515296,"fully",0.391603212,0.783206424,"fully"
"SPC-YFINCWPAC-1952-2010-CHING","WCPFC","Tuna-RFMO","Pacific Ocean","Central Western Pacific Ocean","Thunnus albacares","Yellowfin tuna","Tunas, bonitos, billfishes","Medium","tc",1.37,"fully","fully",1.57212449635113,"under","fully exploited","developing","fully","under",0.965770571961277,"fully",0.921928060987812,"fully",0.315826069,0.357269684,0.336547876,0.673095752,"fully",0.353605301,0.707210602,"fully"
"SWFSC-CMACKPCOAST-1929-2008-PINSKY","NMFS","United States","US West Coast","Pacific Coast","Scomber japonicus","Chub mackerel","Miscellaneous pelagic fishes","Medium","tc",0.68,"fully","under",0.872693636883642,"fully","overfished","overexploited","over","over",0.438216333890804,"over",0.266790704033074,"over",0.493022116,0.46383543,0.478428773,0.956857546,"fully",0.441243702,0.882487404,"fully"
"SWFSC-DSOLEPCOAST-1910-2011-STACHURA","NMFS","United States","US West Coast","Pacific Coast","Microstomus pacificus","Dover sole","Flounders, halibuts, soles","Low","tc",3.44,"under","under",1.06097638975251,"fully","overfished","overexploited","over","over",0.4609054085499,"over",0.225227881710609,"over",0.641632753,0.510523404,0.576078079,1.152156158,"fully",0.705437852,1.410875704,"fully"
"SWFSC-GOPHERSPCOAST-1965-2005-STANTON","NMFS","United States","US West Coast","Southern Pacific Coast","Sebastes carnatus","Gopher rockfish","Miscellaneous demersal fishes","Low","tc",2.55,"under","under",1.02665692349968,"fully","overfished","overexploited","over","over",0.439125527719286,"over",0.393110816510947,"over",0.783614554,0.731059861,0.757337207,1.514674414,"under",0.813019783,1.626039566,"under"
"SWFSC-STFLOUNNPCOAST-1970-2005-STANTON","NMFS","United States","US West Coast","Northern Pacific Coast","Platichthys stellatus","Starry flounder","Flounders, halibuts, soles","Medium","tc",1.1,"fully","under",0.429192289047303,"over","collapsed/closed","collapsed","over","over",0.393830123214421,"over",0.136448395238609,"over",0.396275995,0.403193643,0.399734819,0.799469638,"fully",0.374186581,0.748373162,"fully"
"SWFSC-STFLOUNSPCOAST-1970-2005-STANTON","NMFS","United States","US West Coast","Southern Pacific Coast","Platichthys stellatus","Starry flounder","Flounders, halibuts, soles","Medium","tc",1.49,"fully","under",0.426091991993926,"over","collapsed/closed","collapsed","over","over",0.403391110394418,"over",0.144502352934152,"over",0.123860413,0.242626579,0.183243496,0.366486992,"over",0.194866606,0.389733212,"over"
"VNIRO-WPOLLNSO-1963-2012-CHING","RFFA","Russia","Russia Japan","Northern Sea of Okhotsk","Theragra chalcogramma","Walleye pollock","Cods, hakes, haddocks","Low","tc",1.38,"fully","fully",0.598893692504065,"fully","overfished","overexploited","over","over",0.463625428206884,"over",0.505682435569548,"fully",0.347874292,0.463307383,0.405590837,0.811181674,"fully",0.379728309,0.759456618,"fully"
"VNIRO-WPOLLWBS-1970-2008-CHING","RFFA","Russia","Russia Japan","Western Bering Sea","Theragra chalcogramma","Walleye pollock","Cods, hakes, haddocks","Low","tc",1.63,"under","fully",0.441957093257088,"over","overfished","rebuilding","over","over",0.46559658190194,"over",0.230274671274634,"over",0.337391298,0.349806987,0.343599142,0.687198284,"fully",0.320950652,0.641901304,"fully"
"WGBFAS-HERR30-1972-2011-NEUBAUER","ICES","Other-RFMO","European Union","Bothnian Sea","Clupea harengus","Herring","Herrings, sardines, anchovies","Medium","tl",3.78,"under","under",1.33076631968297,"fully","fully exploited","developing","fully","under",1.18954243834282,"fully",0.913286508184266,"fully",0.709029328,0.543905958,0.626467643,1.252935286,"fully",0.751123091,1.502246182,"under"
"WGBFAS-HERRRIGA-1976-2011-NEUBAUER","ICES","Other-RFMO","European Union","Gulf of Riga East of Gotland","Clupea harengus","Herring","Herrings, sardines, anchovies","Medium","tl",1.26,"fully","under",1.00496497844453,"fully","fully exploited","developing","fully","under",1.20628824021568,"fully",0.823282498457158,"fully",0.713115163,0.49859927,0.605857216,1.211714432,"fully",0.738930781,1.477861562,"fully"
"WGCSE-CODVIa-1981-2012-CHING","ICES","Other-RFMO","European Union","West of Scotland","Gadus morhua","Atlantic cod","Cods, hakes, haddocks","Medium","tc",0.169,"over","over",0.403066446314447,"over","overfished","rebuilding","over","over",0.437613269387268,"over",0.191016989618584,"over",0.733526197,0.661930682,0.69772844,1.39545688,"fully",0.799654165,1.59930833,"under"
