"assessid","agency1","agency2","country","region","area","fishery_type","phylum","class","order","family","genus","species","species_common","year","bbmsy","bbmsy_status","catch_tmt","catch_type","category","resilience","tc_nyrs","tl_nyrs","catch_ts","catch_ts_nyrs"
"INIDEP-PATGRENADIERSARG-1983-2006-Parma","CFP","INIDEP","Argentina","South America","Southern Argentina","Cod, pollack, haddock, hake","Chordata","Actinopterygii","Gadiformes","Merlucciidae","Macruronus","Macruronus magellanicus","Patagonian grenadier",2006,2.15,1,141.7408,"catch","Cods, hakes, haddocks","Low",22,0,"tc",22
"CSIRO-BIGHTREDSE-1958-2007-FULTON","AFMA","CSIRO","Australia","Australia","Southeast Australia","Other bony fish","Chordata","Actinopterygii","Beryciformes","Berycidae","Centroberyx","Centroberyx gerrardi","Bight redfish",2007,0.946,2,0.92438675,"landings","Miscellaneous demersal fishes","Very low",0,49,"tl",49
"CSIRO-DEEPFLATHEADSE-1978-2007-FULTON","AFMA","CSIRO","Australia","Australia","Southeast Australia","Other bony fish","Chordata","Actinopterygii","Scorpaeniformes","Platycephalidae","Platycephalus","Platycephalus conatus","Deepwater flathead",2007,1.51,1,1.832875,"landings","Miscellaneous coastal fishes","Low",0,29,"tl",29
"CSIRO-MORWONGSE-1913-2007-FULTON","AFMA","CSIRO","Australia","Australia","Southeast Australia","Other bony fish","Chordata","Actinopterygii","Perciformes","Cheilodactylidae","Nemadactylus","Nemadactylus macropterus","Hawaiian morwong",2007,0.313,3,0.5564,"landings","Miscellaneous demersal fishes","Low",0,95,"tl",95
"CSIRO-NZLINGESE-1968-2007-FULTON","AFMA","CSIRO","Australia","Australia","Southeast Australia","New Zealand ling","Chordata","Actinopterygii","Ophidiiformes","Ophidiidae","Genypterus","Genypterus blacodes","New Zealand ling",2007,0.59,2,0.79412,"landings","Miscellaneous demersal fishes","Low",0,40,"tl",40
"CSIRO-NZLINGWSE-1968-2007-FULTON","AFMA","CSIRO","Australia","Australia","Western half of Southeast Australia","New Zealand ling","Chordata","Actinopterygii","Ophidiiformes","Ophidiidae","Genypterus","Genypterus blacodes","New Zealand ling",2007,1.08,2,0.60408,"landings","Miscellaneous demersal fishes","Low",0,40,"tl",40
"CSIRO-OROUGHYSE-1978-2007-FULTON","AFMA","CSIRO","Australia","Australia","Southeast Australia","Other bony fish","Chordata","Actinopterygii","Beryciformes","Trachichthyidae","Hoplostethus","Hoplostethus atlanticus","Orange roughy",2007,0.519,2,0.8045,"landings","Miscellaneous demersal fishes","Very low",0,29,"tl",29
"CSIRO-PTOOTHFISHMI-1975-2010-FAY","AFMA","CSIRO","Australia","Australia","Macquarie Island","Other bony fish","Chordata","Actinopterygii","Perciformes","Nototheniidae","Dissostichus","Dissostichus eleginoides","Patagonian toothfish",2010,2.3,1,0.214785665,"landings","Miscellaneous demersal fishes","Low",35,35,"tc",35
"CSIRO-SILVERFISHSE-1978-2006-FULTON","AFMA","CSIRO","Australia","Australia","Southeast Australia","Other bony fish","Chordata","Actinopterygii","Perciformes","Centrolophidae","Seriolella","Seriolella punctata","Silverfish",2006,1.03,2,3.269302,"landings","Miscellaneous demersal fishes","Medium",0,29,"tl",29
"CSIRO-SWHITSE-1945-2007-FULTON","AFMA","CSIRO","Australia","Australia","Southeast Australia","Other bony fish","Chordata","Actinopterygii","Perciformes","Sillaginidae","Sillago","Sillago flindersi","School whiting",2007,0.663,2,1.4185002,"landings","Miscellaneous coastal fishes","Medium",0,63,"tl",63
"CSIRO-TIGERFLATSE-1913-2006-FULTON","AFMA","CSIRO","Australia","Australia","Southeast Australia","Other bony fish","Chordata","Actinopterygii","Scorpaeniformes","Platycephalidae","Neoplatycephalus","Neoplatycephalus richardsoni","Tiger flathead",2006,1.99,1,3.4342,"landings","Marine fishes not identified","Medium",0,93,"tl",93
"CSIRO-WAREHOUESE-1984-2006-FULTON","AFMA","CSIRO","Australia","Australia","Eastern half of Southeast Australia","Other bony fish","Chordata","Actinopterygii","Perciformes","Centrolophidae","Seriolella","Seriolella brama","whario",2006,0.488,3,0.10993506,"landings","Miscellaneous demersal fishes","Medium",0,23,"tl",23
"CSIRO-WAREHOUWSE-1984-2006-FULTON","AFMA","CSIRO","Australia","Australia","Western half of Southeast Australia","Other bony fish","Chordata","Actinopterygii","Perciformes","Centrolophidae","Seriolella","Seriolella brama","whario",2006,0.413,3,0.3832,"landings","Miscellaneous demersal fishes","Medium",0,23,"tl",23
"DFO-CROCKWCVANISOGQCI-1945-2009-STANTON","DFO","DFO","Canada","Canada West Coast","West Coast of Vancouver Island and Straight of Georgia and Queen Charlotte Islands","Rockfish, scorpionfish","Chordata","Actinopterygii","Scorpaeniformes","Scorpaenidae","Sebastes","Sebastes pinniger","Canary rockfish",2009,1.37,2,0.85781792,"catch","Miscellaneous demersal fishes","Low",65,0,"tc",65
"DFO-MAR-HAD4X5Y-1970-2011-CHING","DFO","DFO-MAR","Canada","Canada East Coast","Western Scotian Shelf, Bay of Fundy and Gulf of Maine","Cod, pollack, haddock, hake","Chordata","Actinopterygii","Gadiformes","Gadidae","Melanogrammus","Melanogrammus aeglefinus","Haddock",2010,0.822,2,5.9323625,"landings","Cods, hakes, haddocks","Medium",0,41,"tl",41
"DFO-PAC-PCODHS-1956-2005-COLLIE","DFO","DFO-PAC","Canada","Canada West Coast","Hecate Strait","Cod, pollack, haddock, hake","Chordata","Actinopterygii","Gadiformes","Gadidae","Gadus","Gadus macrocephalus","Pacific cod",2005,1.2,2,0.3345,"landings","Cods, hakes, haddocks","Low",0,49,"tl",49
"DFO-PAC-PCODWCVANI-1956-2002-COLLIE","DFO","DFO-PAC","Canada","Canada West Coast","West Coast of Vancouver Island","Cod, pollack, haddock, hake","Chordata","Actinopterygii","Gadiformes","Gadidae","Gadus","Gadus macrocephalus","Pacific cod",2002,1.04,2,0.14825,"landings","Cods, hakes, haddocks","Low",0,46,"tl",46
"DFO-PAC-SABLEFPCAN-1913-2010-HIVELY","DFO","DFO-PAC","Canada","Canada West Coast","Pacific Coast of Canada","Other bony fish","Chordata","Actinopterygii","Scorpaeniformes","Anoplopomatidae","Anoplopoma","Anoplopoma fimbria","Sablefish",2010,0.785,2,3.123,"landings","Miscellaneous demersal fishes","Low",0,98,"tl",98
"NIWA-AUSSALMONNZ-1975-2006-JENSEN","MFish","NIWA","New Zealand","New Zealand","New Zealand","Other bony fish","Chordata","Actinopterygii","Perciformes","Arripidae","Arripis","Arripis trutta","Australian salmon",2006,1.64,1,2.546,"catch","Miscellaneous coastal fishes","Medium",32,0,"tc",32
"NIWA-BKCDLFENI-1923-2009-CORDUE","MFish","NIWA","New Zealand","New Zealand","East coast of North Island","Other bony fish","Chordata","Actinopterygii","Perciformes","Epigonidae","Epigonus","Epigonus telescopus","Black cardinalfish",2009,0.429,3,1.5446,"catch","Miscellaneous demersal fishes","Very low",87,0,"tc",87
"NIWA-BLACKOREOPR-1974-2009-CORDUE","MFish","NIWA","New Zealand","New Zealand","Pukaki Rise","Black/smooth oreos","Chordata","Actinopterygii","Zeiformes","Oreosomatidae","Allocyttus","Allocyttus niger","Black oreo",2009,1.43,2,2.9048,"catch","Miscellaneous demersal fishes","Very low",36,0,"tc",36
"NIWA-GSTRGZRSTA7-1964-2007-CORDUE","MFish","NIWA","New Zealand","New Zealand","NZ Area STA7","Other bony fish","Chordata","Actinopterygii","Perciformes","Uranoscopidae","Kathetostoma","Kathetostoma giganteum","Giant stargazer",2007,1.43,2,0.9009322,"catch","Miscellaneous demersal fishes","Medium",44,0,"tc",44
"NIWA-HOKIENZ-1970-2012-CORDUE","MFish","NIWA","New Zealand","New Zealand","Eastern New Zealand","Cod, pollack, haddock, hake","Chordata","Actinopterygii","Gadiformes","Merlucciidae","Macruronus","Macruronus novaezelandiae","Hoki",2012,1.99,1,41.527484,"catch","Cods, hakes, haddocks","Low",41,0,"tc",41
"NIWA-HOKIWNZ-1970-2012-CORDUE","MFish","NIWA","New Zealand","New Zealand","Western New Zealand","Cod, pollack, haddock, hake","Chordata","Actinopterygii","Gadiformes","Merlucciidae","Macruronus","Macruronus novaezelandiae","Hoki",2012,1.42,2,65.33252,"catch","Cods, hakes, haddocks","Low",41,0,"tc",41
"NIWA-NZLINGLIN3-4-1968-2011-CORDUE","MFish","NIWA","New Zealand","New Zealand","New Zealand Areas LIN 3 and 4","New Zealand ling","Chordata","Actinopterygii","Ophidiiformes","Ophidiidae","Genypterus","Genypterus blacodes","New Zealand ling",2011,3.13,1,3.9108,"catch","Miscellaneous demersal fishes","Low",44,0,"tc",44
"NIWA-NZLINGLIN5-6-1968-2011-CORDUE","MFish","NIWA","New Zealand","New Zealand","New Zealand Areas LIN 5 and 6","New Zealand ling","Chordata","Actinopterygii","Ophidiiformes","Ophidiidae","Genypterus","Genypterus blacodes","New Zealand ling",2011,4.33,1,6.6218,"catch","Miscellaneous demersal fishes","Low",44,0,"tc",44
"NIWA-OROUGHYCR-1979-2006-CORDUE","MFish","NIWA","New Zealand","New Zealand","Chatham Rise","Other bony fish","Chordata","Actinopterygii","Beryciformes","Trachichthyidae","Hoplostethus","Hoplostethus atlanticus","Orange roughy",2006,1.96,1,2.037,"catch","Miscellaneous demersal fishes","Very low",28,0,"tc",28
"NIWA-OROUGHYNZMEC-1909-2011-CORDUE","MFish","NIWA","New Zealand","New Zealand","New Zealand Mid East Coast","Other bony fish","Chordata","Actinopterygii","Beryciformes","Trachichthyidae","Hoplostethus","Hoplostethus atlanticus","Orange roughy",2011,0.371,3,1.5528,"catch","Miscellaneous demersal fishes","Very low",103,0,"tc",103
"NIWA-PAUANPAU5A-1965-2010-CORDUE","MFish","NIWA","New Zealand","New Zealand","NZ Area North PAUA 5A","Invertebrates","Mollusca","Gastropoda","Archaeogastropoda","Haliotididae","Haliotis","Haliotis iris","Blackfoot abalone",2010,1.45,2,0.0702696,"catch","Abalones, winkles, conchs","Low",46,0,"tc",46
"NIWA-PAUAPAU7-1965-2011-CORDUE","MFish","NIWA","New Zealand","New Zealand","New Zealand Area PAU 7 (Marlborough)","Invertebrates","Mollusca","Gastropoda","Archaeogastropoda","Haliotididae","Haliotis","Haliotis iris","Blackfoot abalone",2011,0.792,2,0.2016994,"catch","Abalones, winkles, conchs","Low",47,0,"tc",47
"NIWA-PAUASPAU5A-1965-2009-CORDUE","MFish","NIWA","New Zealand","New Zealand","NZ Area South PAUA 5A","Invertebrates","Mollusca","Gastropoda","Archaeogastropoda","Haliotididae","Haliotis","Haliotis iris","Blackfoot abalone",2009,1.16,2,0.0565158,"catch","Abalones, winkles, conchs","Low",45,0,"tc",45
"NIWA-SCMPBP-1985-2010-CORDUE","MFish","NIWA","New Zealand","New Zealand","Bay of Plenty","Invertebrates","Arthropoda","Malacostraca","Decapoda","Nephropidae","Metanephrops","Metanephrops challengeri","Scampi",2010,1.89,1,0.10368002,"catch","Lobsters, spiny-rock lobsters","Medium",26,0,"tc",26
"NIWA-SCMPWHB-1985-2010-CORDUE","MFish","NIWA","New Zealand","New Zealand","Wairarapa/Hawke Bay","Invertebrates","Arthropoda","Malacostraca","Decapoda","Nephropidae","Metanephrops","Metanephrops challengeri","Scampi",2010,1.65,1,0.078359036,"catch","Lobsters, spiny-rock lobsters","Medium",26,0,"tc",26
"NIWA-SMOOTHOREOBP-1983-2008-CORDUE","MFish","NIWA","New Zealand","New Zealand","Bounty Plateau","Black/smooth oreos","Chordata","Actinopterygii","Zeiformes","Oreosomatidae","Pseudocyttus","Pseudocyttus maculatus","Smooth oreo",2008,1.35,2,1.348,"catch","Miscellaneous demersal fishes","Very low",26,0,"tc",26
"NIWA-SMOOTHOREOCR-1978-2010-CORDUE","MFish","NIWA","New Zealand","New Zealand","Chatham Rise","Black/smooth oreos","Chordata","Actinopterygii","Zeiformes","Oreosomatidae","Pseudocyttus","Pseudocyttus maculatus","Smooth oreo",2010,1.59,1,6.1896,"catch","Miscellaneous demersal fishes","Very low",33,0,"tc",33
"NIWA-SMOOTHOREOEPR-1973-2006-CORDUE","MFish","NIWA","New Zealand","New Zealand","East Pukaki Rise","Black/smooth oreos","Chordata","Actinopterygii","Zeiformes","Oreosomatidae","Pseudocyttus","Pseudocyttus maculatus","Smooth oreo",2006,0.888,2,1.552,"catch","Miscellaneous demersal fishes","Very low",34,0,"tc",34
"NIWA-SMOOTHOREOSLD-1973-2007-CORDUE","MFish","NIWA","New Zealand","New Zealand","Southland","Black/smooth oreos","Chordata","Actinopterygii","Zeiformes","Oreosomatidae","Pseudocyttus","Pseudocyttus maculatus","Smooth oreo",2007,0.793,2,0.63,"catch","Miscellaneous demersal fishes","Very low",35,0,"tc",35
"NIWA-SMOOTHOREOWECR-1965-2009-CORDUE","MFish","NIWA","New Zealand","New Zealand","West end of Chatham Rise","Black/smooth oreos","Chordata","Actinopterygii","Zeiformes","Oreosomatidae","Pseudocyttus","Pseudocyttus maculatus","Smooth oreo",2009,1.4,2,1.458,"catch","Miscellaneous demersal fishes","Very low",45,0,"tc",45
"NIWA-SOUTHHAKESA-1974-2011-CORDUE","MFish","NIWA","New Zealand","New Zealand","Sub-Antarctic","Cod, pollack, haddock, hake","Chordata","Actinopterygii","Gadiformes","Merlucciinae","Merluccius","Merluccius australis","Southern hake",2011,2.4,1,2.0826,"catch","Cods, hakes, haddocks","Low",38,0,"tc",38
"NIWA-TARAKNZ-1932-2007-CORDUE","MFish","NIWA","New Zealand","New Zealand","Sub-Antarctic","Other bony fish","Chordata","Actinopterygii","Perciformes","Cheilodactylidae","Nemadactylus","Nemadactylus macropterus","Hawaiian morwong",2007,2.22,1,0.8360274,"catch","Miscellaneous demersal fishes","Low",76,0,"tc",76
"NZMFishDEEPWATER-BLACKOREOWECR-1973-2007-JENSEN","MFish","NZMFishDEEPWATER","New Zealand","New Zealand","West end of Chatham Rise","Black/smooth oreos","Chordata","Actinopterygii","Zeiformes","Oreosomatidae","Allocyttus","Allocyttus niger","Black oreo",2007,0.991,2,1.702978,"catch","Miscellaneous demersal fishes","Very low",35,0,"tc",35
"NZMFishINSHOREWG-BNSNZ-1935-2011-CORDUE","MFish","NZMFishINSHOREWG","New Zealand","New Zealand","New Zealand","Other bony fish","Chordata","Actinopterygii","Perciformes","Centrolophidae","Hyperoglyphe","Hyperoglyphe antarctica","Bluenose",2011,0.658,2,2.2060232,"catch","Miscellaneous demersal fishes","Low",77,0,"tc",77
"NZMFishINSHOREWG-NZSNAPNZ8-1931-2005-JENSEN","MFish","NZMFishINSHOREWG","New Zealand","New Zealand","New Zealand Area 8 (Auckland and Central West)","Other bony fish","Chordata","Actinopterygii","Perciformes","Sparidae","Chrysophrys","Chrysophrys auratus","New Zealand snapper",2005,0.353,3,2.044422,"catch","Miscellaneous coastal fishes","Low",75,0,"tc",75
"NZMFishINSHOREWG-TREVALLYTRE7-1944-2005-JENSEN","MFish","NZMFishINSHOREWG","New Zealand","New Zealand","New Zealand Areas TRE 7","Other bony fish","Chordata","Actinopterygii","Perciformes","Carangidae","Pseudocaranx","Pseudocaranx dentex","Trevally",2005,1.44,2,2.2814,"catch","Miscellaneous pelagic fishes","Medium",62,0,"tc",62
"NZMFishMIDDEPTHSWG-GEMFISHNZ-1952-2007-JENSEN","MFish","NZMFishMIDDEPTHSWG","New Zealand","New Zealand","New Zealand","Other bony fish","Chordata","Actinopterygii","Perciformes","Gempylidae","Rexea","Rexea solandri","common gemfish",2006,1.64,1,0.4865,"catch","Miscellaneous demersal fishes","Low",55,0,"tc",55
"NZMFishMIDDEPTHSWG-NZLINGLIN6b-1980-2006-JENSEN","MFish","NZMFishMIDDEPTHSWG","New Zealand","New Zealand","New Zealand Areas LIN 6b","New Zealand ling","Chordata","Actinopterygii","Ophidiiformes","Ophidiidae","Genypterus","Genypterus blacodes","New Zealand ling",2006,2.19,1,0.573,"catch","Miscellaneous demersal fishes","Low",27,0,"tc",27
"NZMFishMIDDEPTHSWG-NZLINGLIN72-1972-2007-JENSEN","MFish","NZMFishMIDDEPTHSWG","New Zealand","New Zealand","New Zealand Areas LIN 72","New Zealand ling","Chordata","Actinopterygii","Ophidiiformes","Ophidiidae","Genypterus","Genypterus blacodes","New Zealand ling",2007,2.49,1,0.4418,"catch","Miscellaneous demersal fishes","Low",36,0,"tc",36
"NZMFishMIDDEPTHSWG-NZLINGLIN7WC-1972-2008-JENSEN","MFish","NZMFishMIDDEPTHSWG","New Zealand","New Zealand","New Zealand Areas LIN 7WC-WCSI","New Zealand ling","Chordata","Actinopterygii","Ophidiiformes","Ophidiidae","Genypterus","Genypterus blacodes","New Zealand ling",2008,2.21,1,2.4628,"catch","Miscellaneous demersal fishes","Low",37,0,"tc",37
"FAO-SPNWA-RSARDINWA-1990-2010-CHING","FAO","FAO-SPNWA","Other-RFMO","West Africa","West Africa","Forage fish","Chordata","Actinopterygii","Clupeiformes","Clupeidae","Sardinella","Sardinella aurita","Round sardinella",2010,5.79,1,479.6,"catch","Herrings, sardines, anchovies","High",21,0,"tc",21
"FAO-SPNWA-SARDINWA-1990-2010-CHING","FAO","FAO-SPNWA","Other-RFMO","West Africa","West Africa","Forage fish","Chordata","Actinopterygii","Clupeiformes","Clupeidae","Sardinella","Sardinella spp","Sardinella",2010,0.55,2,479.6,"catch","Herrings, sardines, anchovies","High",21,0,"tc",21
"FAO-SPNWA-SARDWAZC-1990-2010-CHING","FAO","FAO-SPNWA","Other-RFMO","West Africa","West Africa Zone C","Forage fish","Chordata","Actinopterygii","Clupeiformes","Clupeidae","Sardina","Sardina pilchardus","European pilchard",2010,0.679,2,320.4,"catch","Herrings, sardines, anchovies","Medium",21,0,"tc",21
"HAWG-HERR2224IIIa-1991-2011-NEUBAUER","ICES","HAWG","Other-RFMO","European Union","22-24-IIIa","Forage fish","Chordata","Actinopterygii","Clupeiformes","Clupeidae","Clupea","Clupea harengus","Herring",2010,1.49,2,61.73925,"landings","Herrings, sardines, anchovies","Medium",0,20,"tl",20
"WGBFAS-HERR30-1972-2011-NEUBAUER","ICES","WGBFAS","Other-RFMO","European Union","Bothnian Sea","Forage fish","Chordata","Actinopterygii","Clupeiformes","Clupeidae","Clupea","Clupea harengus","Herring",2010,3.78,1,70.36525,"landings","Herrings, sardines, anchovies","Medium",0,38,"tl",38
"WGBFAS-HERRRIGA-1976-2011-NEUBAUER","ICES","WGBFAS","Other-RFMO","European Union","Gulf of Riga East of Gotland","Forage fish","Chordata","Actinopterygii","Clupeiformes","Clupeidae","Clupea","Clupea harengus","Herring",2011,1.26,2,31.90175,"landings","Herrings, sardines, anchovies","Medium",0,34,"tl",34
"WGCSE-CODVIa-1981-2012-CHING","ICES","WGCSE","Other-RFMO","European Union","West of Scotland","Cod, pollack, haddock, hake","Chordata","Actinopterygii","Gadiformes","Gadidae","Gadus","Gadus morhua","Atlantic cod",2012,0.169,3,3.69875,"catch","Cods, hakes, haddocks","Medium",31,31,"tc",31
"IPHC-PHALNPAC-1888-2014-HIVELY","IPHC","IPHC","Other-RFMO","US Alaska","North Pacific","Flatfish","Chordata","Actinopterygii","Pleuronectiformes","Pleuronectidae","Hippoglossus","Hippoglossus stenolepis","Pacific halibut",2014,14.1,1,15.780476,"catch","Flounders, halibuts, soles","Low",127,0,"tc",127
"NAFO-SC-REDFISHSPP3LN-1959-2008-BAUM","NAFO","NAFO-SC","Other-RFMO","Canada East Coast","N and SW Grand Banks","Rockfish, scorpionfish","Chordata","Actinopterygii","Scorpaeniformes","Scorpaenidae","Sebastes","Sebastes spp","Sebastes species",2008,1.88,1,0.864,"catch","Miscellaneous demersal fishes","Low",49,0,"tc",49
"NAFO-SC-YELL3LNO-1960-2009-BAUM","NAFO","NAFO-SC","Other-RFMO","Canada East Coast","Grand Banks","Flatfish","Chordata","Actinopterygii","Pleuronectiformes","Pleuronectidae","Limanda","Limanda ferruginea","Yellowtail flounder",2009,1.64,1,6.49533333333333,"catch","Flounders, halibuts, soles","Medium",48,0,"tc",48
"IMARPE-PANCHPERUNC-1959-2008-HIVELY","IMARPE","IMARPE","Peru","South America","North-Central Peruvian coast","Forage fish","Chordata","Actinopterygii","Clupeiformes","Engraulidae","Engraulis","Engraulis ringens","Peruvian anchoveta",2008,1.47,2,7080.3376,"landings","Herrings, sardines, anchovies","High",0,50,"tl",50
"VNIRO-WPOLLNSO-1963-2012-CHING","RFFA","VNIRO","Russia","Russia Japan","Northern Sea of Okhotsk","Cod, pollack, haddock, hake","Chordata","Actinopterygii","Gadiformes","Gadidae","Theragra","Theragra chalcogramma","Walleye pollock",2012,1.38,2,678.3734,"catch","Cods, hakes, haddocks","Low",44,0,"tc",44
"VNIRO-WPOLLWBS-1970-2008-CHING","RFFA","VNIRO","Russia","Russia Japan","Western Bering Sea","Cod, pollack, haddock, hake","Chordata","Actinopterygii","Gadiformes","Gadidae","Theragra","Theragra chalcogramma","Walleye pollock",2008,1.63,1,70.2647694,"catch","Cods, hakes, haddocks","Low",39,0,"tc",39
"MARAM-CHAKESA-1917-2013-Rademeyer","DETMCM","MARAM","South Africa","South Africa","South Africa","Cod, pollack, haddock, hake","Chordata","Actinopterygii","Gadiformes","Merlucciidae","Merluccius","Merluccius capensis","Shallow-water cape hake",2013,1.91,1,24.228,"landings","Cods, hakes, haddocks","Low",97,97,"tc",97
"MARAM-CTRACSA-1949-2013-Furman","DETMCM","MARAM","South Africa","South Africa","South Africa South coast","Forage fish","Chordata","Actinopterygii","Perciformes","Carangidae","Trachurus","Trachurus capensis","Cape horse mackerel",2013,2.48,1,35.9195,"landings","Miscellaneous pelagic fishes","Medium",64,64,"tc",64
"MARAM-DEEPCHAKESA-1917-2013-Rademeyer","DETMCM","MARAM","South Africa","South Africa","South Africa","Cod, pollack, haddock, hake","Chordata","Actinopterygii","Gadiformes","Merlucciidae","Merluccius","Merluccius paradoxus","Deep-water cape hake",2013,0.96,2,103.2466,"landings","Cods, hakes, haddocks","Low",97,97,"tc",97
"CCSBT-SC-SBT-1950-2011-CHING","CCSBT","CCSBT-SC","Tuna-RFMO","Indian Ocean","Southern Oceans","Tuna, marlin, swordfish","Chordata","Actinopterygii","Perciformes","Scombridae","Thunnus","Thunnus maccoyii","Southern bluefin tuna",2011,0.23,3,10.8736525,"catch","Tunas, bonitos, billfishes","Low",61,0,"tc",61
"IATTC-BIGEYEEPAC-1975-2011-BRANCH","IATTC","IATTC","Tuna-RFMO","Pacific Ocean","Eastern Pacific","Tuna, marlin, swordfish","Chordata","Actinopterygii","Perciformes","Scombridae","Thunnus","Thunnus obesus","Bigeye tuna",2010,1.24,2,96.7215,"catch","Tunas, bonitos, billfishes","Medium",36,0,"tc",36
"IATTC-STMARLINNEPAC-1954-2009-BRANCH","IATTC","IATTC","Tuna-RFMO","Atlantic Ocean","Northeast Pacific","Tuna, marlin, swordfish","Chordata","Actinopterygii","Perciformes","Istiophoridae","Kajikia","Kajikia audax","Striped marlin",2009,1.52,1,1.3432,"catch","Tunas, bonitos, billfishes","Medium",56,0,"tc",56
"IATTC-YFINEPAC-1975-2011-BRANCH","IATTC","IATTC","Tuna-RFMO","Pacific Ocean","Northeast Pacific","Tuna, marlin, swordfish","Chordata","Actinopterygii","Perciformes","Scombridae","Thunnus","Thunnus albacares","Yellowfin tuna",2010,0.713,2,218.767,"catch","Tunas, bonitos, billfishes","Medium",36,0,"tc",36
"ICCAT-ALBANATL-1950-2010-CHING","ICCAT","ICCAT","Tuna-RFMO","Atlantic Ocean","Northern Atlantic","Tuna, marlin, swordfish","Chordata","Actinopterygii","Perciformes","Scombridae","Thunnus","Thunnus alalunga","Albacore tuna",2007,0.63,2,22.8996,"catch","Tunas, bonitos, billfishes","Medium",61,0,"tc",61
"ICCAT-ATBTUNAWATL-1950-2010-CHING","ICCAT","ICCAT","Tuna-RFMO","Atlantic Ocean","Western Atlantic","Tuna, marlin, swordfish","Chordata","Actinopterygii","Perciformes","Scombridae","Thunnus","Thunnus thynnus","Atlantic bluefin tuna",2009,0.41,3,1.8518,"catch","Tunas, bonitos, billfishes","Low",61,0,"tc",61
"ICCAT-WMARLINATL-1956-2011-CHING","ICCAT","ICCAT","Tuna-RFMO","Atlantic Ocean","Atlantic Ocean","Tuna, marlin, swordfish","Chordata","Actinopterygii","Perciformes","Istiophoridae","Tetrapturus","Tetrapturus albidus","White Marlin",2010,0.4,3,0.58125,"catch","Tunas, bonitos, billfishes","Medium",55,0,"tc",55
"IOTC-BIGEYEIO-1950-2010-CHING","IOTC","IOTC","Tuna-RFMO","Indian Ocean","Indian Ocean","Tuna, marlin, swordfish","Chordata","Actinopterygii","Perciformes","Scombridae","Thunnus","Thunnus obesus","Bigeye tuna",2009,1.2,2,108.325794,"catch","Tunas, bonitos, billfishes","Medium",61,0,"tc",61
"IOTC-SKJCIO-1950-2010-CHING","IOTC","IOTC","Tuna-RFMO","Indian Ocean","Indian Ocean","Tuna, marlin, swordfish","Chordata","Actinopterygii","Perciformes","Scombridae","Katsuwonus","Katsuwonus pelamis","Skipjack tuna",2009,2.56,1,486.70548,"catch","Tunas, bonitos, billfishes","Medium",61,0,"tc",61
"IOTC-SWORDIO-1950-2010-CHING","IOTC","IOTC","Tuna-RFMO","Indian Ocean","Indian Ocean","Tuna, marlin, swordfish","Chordata","Actinopterygii","Perciformes","Xiphiidae","Xiphias","Xiphias gladius","Swordfish",2009,1.59,1,23.92874,"catch","Tunas, bonitos, billfishes","Low",61,0,"tc",61
"IOTC-YFINEIO-1972-2009-BRANCH","IOTC","IOTC","Tuna-RFMO","Indian Ocean","Indian Ocean","Tuna, marlin, swordfish","Chordata","Actinopterygii","Perciformes","Scombridae","Thunnus","Thunnus albacares","Yellowfin tuna",2009,0.993,2,367.0008,"landings","Tunas, bonitos, billfishes","Medium",0,38,"tl",38
"ISC-ALBANPAC-1952-2010-CHING","ISC","ISC","Tuna-RFMO","US West Coast","North Pacific Ocean","Tuna, marlin, swordfish","Chordata","Actinopterygii","Perciformes","Scombridae","Thunnus","Thunnus alalunga","Albacore tuna",2009,1.18,2,76.43348,"catch","Tunas, bonitos, billfishes","Medium",58,0,"tc",58
"ISC-BMARLINPAC-1952-2010-CHING","ISC","ISC","Tuna-RFMO","Pacific Ocean","Pacific Ocean","Tuna, marlin, swordfish","Chordata","Actinopterygii","Perciformes","Istiophoridae","Makaira","Makaira nigricans","Blue marlin",2006,0.548,2,19.907198,"catch","Tunas, bonitos, billfishes","Medium",59,0,"tc",59
"ISC-PACBTUNA-1952-2008-CHING","ISC","ISC","Tuna-RFMO","Pacific Ocean","Pacific Ocean","Tuna, marlin, swordfish","Chordata","Actinopterygii","Perciformes","Scombridae","Thunnus","Thunnus orientalis","Pacific bluefin tuna",2008,0.42,3,24.200825,"catch","Tunas, bonitos, billfishes","Low",56,0,"tc",56
"ISC-STMARLINWCNPAC-1951-2010-CHING","ISC","ISC","Tuna-RFMO","Pacific Ocean","Western and Central North Pacific","Tuna, marlin, swordfish","Chordata","Actinopterygii","Perciformes","Istiophoridae","Kajikia","Kajikia audax","Striped marlin",2010,0.35,3,3.288,"catch","Tunas, bonitos, billfishes","Medium",59,0,"tc",59
"ISC-SWORDNPAC-1952-2010-CHING","ISC","ISC","Tuna-RFMO","Pacific Ocean","North Pacific Ocean","Tuna, marlin, swordfish","Chordata","Actinopterygii","Perciformes","Xiphiidae","Xiphias","Xiphias gladius","Swordfish",2002,2.4,1,2.24613,"catch","Tunas, bonitos, billfishes","Low",59,0,"tc",59
"SPC-ALBASPAC-1965-2007-BRANCH","WCPFC","SPC","Tuna-RFMO","Pacific Ocean","South Pacific Ocean","Tuna, marlin, swordfish","Chordata","Actinopterygii","Perciformes","Scombridae","Thunnus","Thunnus alalunga","Albacore tuna",2007,1.39,2,62.96084,"catch","Tunas, bonitos, billfishes","Medium",43,0,"tc",43
"SPC-BIGEYECWPAC-1952-2010-CHING","WCPFC","SPC","Tuna-RFMO","Pacific Ocean","Central Western Pacific Ocean","Tuna, marlin, swordfish","Chordata","Actinopterygii","Perciformes","Scombridae","Thunnus","Thunnus obesus","Bigeye tuna",2010,1.09,2,136.30184,"catch","Tunas, bonitos, billfishes","Medium",59,0,"tc",59
"SPC-BIGEYEWPO-1952-2006-JENSEN","WCPFC","SPC","Tuna-RFMO","Pacific Ocean","Western Pacific Ocean","Tuna, marlin, swordfish","Chordata","Actinopterygii","Perciformes","Scombridae","Thunnus","Thunnus obesus","Bigeye tuna",2006,1.21,2,120.82264,"catch","Tunas, bonitos, billfishes","Medium",55,0,"tc",55
"SPC-SKJCWPAC-1950-2011-CHING","WCPFC","SPC","Tuna-RFMO","Pacific Ocean","Central Western Pacific Ocean","Tuna, marlin, swordfish","Chordata","Actinopterygii","Perciformes","Scombridae","Katsuwonus","Katsuwonus pelamis","Skipjack tuna",2010,2.34,1,1640.5556,"catch","Tunas, bonitos, billfishes","Medium",62,0,"tc",62
"SPC-YFINCWPAC-1952-2010-CHING","WCPFC","SPC","Tuna-RFMO","Pacific Ocean","Central Western Pacific Ocean","Tuna, marlin, swordfish","Chordata","Actinopterygii","Perciformes","Scombridae","Thunnus","Thunnus albacares","Yellowfin tuna",2010,1.37,2,542.3162,"catch","Tunas, bonitos, billfishes","Medium",59,0,"tc",59
"AFSC-ALPLAICBSAI-1972-2010-STACHURA","NMFS","AFSC","United States","US Alaska","Bering Sea and Aleutian Islands","Flatfish","Chordata","Actinopterygii","Pleuronectiformes","Pleuronectidae","Pleuronectes","Pleuronectes quadrituberculatus","Alaska plaice",2010,1.69,1,16.4122,"catch","Flounders, halibuts, soles","Low",36,0,"tc",36
"AFSC-ARFLOUNDBSAI-1970-2010-STACHURA","NMFS","AFSC","United States","US Alaska","Bering Sea and Aleutian Islands","Flatfish","Chordata","Actinopterygii","Pleuronectiformes","Pleuronectidae","Atheresthes","Atheresthes stomias","Arrowtooth flounder",2010,3.16,1,13.89925,"catch","Flounders, halibuts, soles","Low",40,0,"tc",40
"AFSC-ARFLOUNDGA-1958-2010-STACHURA","NMFS","AFSC","United States","US Alaska","Gulf of Alaska","Flatfish","Chordata","Actinopterygii","Pleuronectiformes","Pleuronectidae","Atheresthes","Atheresthes stomias","Arrowtooth flounder",2010,2.99,1,25.9354,"catch","Flounders, halibuts, soles","Low",47,0,"tc",47
"AFSC-ATKABSAI-1976-2011-STACHURA","NMFS","AFSC","United States","US Alaska","Bering Sea and Aleutian Islands","Other bony fish","Chordata","Actinopterygii","Scorpaeniformes","Hexagrammidae","Pleurogrammus","Pleurogrammus monopterygius","Atka mackerel",2011,1.5,2,63.2416666666667,"catch","Miscellaneous coastal fishes","Medium",33,0,"tc",33
"AFSC-DSOLEGA-1978-2009-STACHURA","NMFS","AFSC","United States","US Alaska","Gulf of Alaska","Flatfish","Chordata","Actinopterygii","Pleuronectiformes","Pleuronectidae","Microstomus","Microstomus pacificus","Dover sole",2009,2.57,1,0.4204,"catch","Flounders, halibuts, soles","Low",32,0,"tc",32
"AFSC-DUSROCKGA-1973-2010-STACHURA","NMFS","AFSC","United States","US Alaska","Gulf of Alaska","Rockfish, scorpionfish","Chordata","Actinopterygii","Scorpaeniformes","Scorpaenidae","Sebastes","Sebastes variabilis","Dusky rockfish",2009,1.59,1,3.0638,"catch","Miscellaneous demersal fishes","Very low",34,0,"tc",34
"AFSC-FLSOLEBSAI-1974-2010-STACHURA","NMFS","AFSC","United States","US Alaska","Bering Sea and Aleutian Islands","Flatfish","Chordata","Actinopterygii","Pleuronectiformes","Pleuronectidae","Hippoglossoides","Hippoglossoides elassodon","Flathead sole",2010,2.04,1,19.8646,"catch","Flounders, halibuts, soles","Medium",34,0,"tc",34
"AFSC-FLSOLEGA-1978-2010-STACHURA","NMFS","AFSC","United States","US Alaska","Gulf of Alaska","Flatfish","Chordata","Actinopterygii","Pleuronectiformes","Pleuronectidae","Hippoglossoides","Hippoglossoides elassodon","Flathead sole",2010,2.6,1,3.4304,"catch","Flounders, halibuts, soles","Medium",33,0,"tc",33
"AFSC-GHALBSAI-1960-2009-STANTON","NMFS","AFSC","United States","US Alaska","Bering Sea and Aleutian Islands","Flatfish","Chordata","Actinopterygii","Pleuronectiformes","Pleuronectidae","Reinhardtius","Reinhardtius hippoglossoides","Greenland halibut",2009,1.48,2,2.2235,"catch","Flounders, halibuts, soles","Low",32,0,"tc",32
"AFSC-NROCKBSAI-1974-2011-STACHURA","NMFS","AFSC","United States","US Alaska","Bering Sea and Aleutian Islands","Rockfish, scorpionfish","Chordata","Actinopterygii","Scorpaeniformes","Scorpaenidae","Sebastes","Sebastes polyspinis","Northern rockfish",2011,1.61,1,3.47133333333333,"catch","Miscellaneous demersal fishes","Very low",33,0,"tc",33
"AFSC-NROCKGA-1959-2010-STACHURA","NMFS","AFSC","United States","US Alaska","Gulf of Alaska","Rockfish, scorpionfish","Chordata","Actinopterygii","Scorpaeniformes","Scorpaenidae","Sebastes","Sebastes polyspinis","Northern rockfish",2010,1.62,1,4.14,"catch","Miscellaneous demersal fishes","Very low",50,0,"tc",50
"AFSC-NRSOLEEBSAI-1975-2012-HIVELY","NMFS","AFSC","United States","US Alaska","Eastern Bering Sea and Aleutian Islands","Flatfish","Chordata","Actinopterygii","Pleuronectiformes","Pleuronectidae","Lepidopsetta","Lepidopsetta polyxystra","Northern rock sole",2012,2.33,1,57.5892,"catch","Flounders, halibuts, soles","Low",36,0,"tc",36
"AFSC-PCODBSAI-1964-2013-CHING","NMFS","AFSC","United States","US Alaska","Bering Sea and Aleutian Islands","Cod, pollack, haddock, hake","Chordata","Actinopterygii","Gadiformes","Gadidae","Gadus","Gadus macrocephalus","Pacific cod",2013,1.34,2,194.97175,"catch","Cods, hakes, haddocks","Low",49,0,"tc",49
"AFSC-PCODGA-1977-2014-HIVELY","NMFS","AFSC","United States","US Alaska","Gulf of Alaska","Cod, pollack, haddock, hake","Chordata","Actinopterygii","Gadiformes","Gadidae","Gadus","Gadus macrocephalus","Pacific cod",2014,1.84,1,75.232,"catch","Cods, hakes, haddocks","Low",34,0,"tc",34
"AFSC-PERCHEBSAI-1960-2011-STACHURA","NMFS","AFSC","United States","US Alaska","Eastern Bering Sea and Aleutian Islands","Rockfish, scorpionfish","Chordata","Actinopterygii","Scorpaeniformes","Scorpaenidae","Sebastes","Sebastes alutus","Pacific ocean perch",2011,1.63,1,17.078,"catch","Miscellaneous demersal fishes","Very low",33,0,"tc",33
"AFSC-POPERCHGA-1959-2010-STACHURA","NMFS","AFSC","United States","US Alaska","Gulf of Alaska","Rockfish, scorpionfish","Chordata","Actinopterygii","Scorpaeniformes","Scorpaenidae","Sebastes","Sebastes alutus","Pacific ocean perch",2010,1.35,2,13.2898,"catch","Miscellaneous demersal fishes","Very low",50,0,"tc",50
"AFSC-REYEROCKBSAI-1974-2011-STACHURA","NMFS","AFSC","United States","US Alaska","Bering Sea and Aleutian Islands","Rockfish, scorpionfish","Chordata","Actinopterygii","Scorpaeniformes","Scorpaenidae","Sebastes","Sebastes aleutianus","Rougheye rockfish",2010,0.899,2,0.196333333333333,"catch","Miscellaneous demersal fishes","Very low",33,0,"tc",33
"AFSC-REYEROCKGA-1974-2010-STACHURA","NMFS","AFSC","United States","US Alaska","Gulf of Alaska","Rockfish, scorpionfish","Chordata","Actinopterygii","Scorpaeniformes","Scorpaenidae","Sebastes","Sebastes aleutianus","Rougheye rockfish",2009,1.54,1,0.3778,"catch","Miscellaneous demersal fishes","Very low",34,0,"tc",34
"AFSC-RKCRABBB-1960-2008-JENSEN","NMFS","AFSC","United States","US Alaska","Bristol Bay","Invertebrates","Arthropoda","Malacostraca","Decapoda","Lithodidae","Paralithodes","Paralithodes camtschaticus","Red king crab",2008,1.27,2,9.0690025,"catch","King crabs, squat-lobsters","High",48,0,"tc",48
"AFSC-SABLEFEBSAIGA-1958-2010-STACHURA","NMFS","AFSC","United States","US Alaska","Eastern Bering Sea / Aleutian Islands / Gulf of Alaska","Other bony fish","Chordata","Actinopterygii","Scorpaeniformes","Anoplopomatidae","Anoplopoma","Anoplopoma fimbria","Sablefish",2010,1.1,2,13.88,"catch","Miscellaneous demersal fishes","Low",51,0,"tc",51
"AFSC-SNOWCRABBS-1978-2013-HIVELY","NMFS","AFSC","United States","US Alaska","Bering Sea","Invertebrates","Arthropoda","Malacostraca","Decapoda","Oregoniidae","Chionoecetes","Chionoecetes opilio","Snow crab",2012,1.1,2,28.7,"catch","Crabs, sea-spiders","Medium",35,0,"tc",35
"AFSC-TANNERCRABBSAI-1949-2013-HIVELY","NMFS","AFSC","United States","US Alaska","Bering Sea and Aleutian Islands","Invertebrates","Arthropoda","Malacostraca","Decapoda","Oregoniidae","Chionoecetes","Chionoecetes bairdi","Tanner crab",2012,1.77,1,0.322683,"catch","Crabs, sea-spiders","Medium",48,0,"tc",48
"AFSC-WPOLLAI-1976-2013-CHING","NMFS","AFSC","United States","US Alaska","Aleutian Islands","Cod, pollack, haddock, hake","Chordata","Actinopterygii","Gadiformes","Gadidae","Theragra","Theragra chalcogramma","Walleye pollock",2013,0.979,2,1.284,"catch","Cods, hakes, haddocks","Low",36,0,"tc",36
"AFSC-WPOLLEBS-1964-2013-CHING","NMFS","AFSC","United States","US Alaska","Eastern Bering Sea","Cod, pollack, haddock, hake","Chordata","Actinopterygii","Gadiformes","Gadidae","Theragra","Theragra chalcogramma","Walleye pollock",2012,1.08,2,1004.30875,"catch","Cods, hakes, haddocks","Low",49,0,"tc",49
"AFSC-WPOLLGA-1970-2014-HIVELY","NMFS","AFSC","United States","US Alaska","Gulf of Alaska","Cod, pollack, haddock, hake","Chordata","Actinopterygii","Gadiformes","Gadidae","Theragra","Theragra chalcogramma","Walleye pollock",2013,1.25,2,89.61175,"catch","Cods, hakes, haddocks","Low",37,0,"tc",37
"AFSC-YSOLEBSAI-1949-2010-STACHURA","NMFS","AFSC","United States","US Alaska","Bering Sea and Aleutian Islands","Flatfish","Chordata","Actinopterygii","Pleuronectiformes","Pleuronectidae","Limanda","Limanda aspera","Yellowfin sole",2010,1.75,1,119.12975,"catch","Flounders, halibuts, soles","Low",46,0,"tc",46
"ASMFC-ATLCROAKMATLC-1973-2002-STANTON","NMFS","ASMFC","United States","US East Coast","Mid-Atlantic Coast","Forage fish","Chordata","Actinopterygii","Perciformes","Sciaenidae","Micropogonias","Micropogonias undulatus","Atlantic croaker",2002,2.78,1,16.6468,"landings","Miscellaneous coastal fishes","Medium",0,30,"tl",30
"ASMFC-LOBSTERGOM-1981-2007-STANTON","NMFS","ASMFC","United States","US East Coast","Gulf of Maine","Invertebrates","Arthropoda","Malacostraca","Decapoda","Nephropidae","Homarus","Homarus americanus","American lobster",2007,0.581,2,34.241,"landings","Lobsters, spiny-rock lobsters","Medium",0,27,"tl",27
"NEFSC-ACADREDGOMGB-1913-2007-MILLER","NMFS","NEFSC","United States","US East Coast","Gulf of Maine / Georges Bank","Rockfish, scorpionfish","Chordata","Actinopterygii","Scorpaeniformes","Scorpaenidae","Sebastes","Sebastes fasciatus","Acadian redfish",2007,0.866,2,0.712,"catch","Miscellaneous demersal fishes","Low",95,95,"tc",95
"NEFSC-AMPL5YZ-1960-2008-OBRIEN","NMFS","NEFSC","United States","US East Coast","Gulf of Maine / Georges Bank","Flatfish","Chordata","Actinopterygii","Pleuronectiformes","Pleuronectidae","Hippoglossoides","Hippoglossoides platessoides","American plaice",2007,0.704,2,1.5357425,"catch","Flounders, halibuts, soles","Low",28,48,"tl",48
"NEFSC-BLUEFISHATLC-1981-2007-SHEPHERD","NMFS","NEFSC","United States","US East Coast","Atlantic Coast","Other bony fish","Chordata","Actinopterygii","Perciformes","Pomatomidae","Pomatomus","Pomatomus saltatrix","Bluefish",2007,1.05,2,12.9154,"catch","Miscellaneous pelagic fishes","Medium",27,0,"tc",27
"NEFSC-BSBASSMATLC-1968-2007-SHEPHERD","NMFS","NEFSC","United States","US East Coast","Mid-Atlantic Coast","Snapper, grouper, sea bass","Chordata","Actinopterygii","Perciformes","Serranidae","Centropristis","Centropristis striata","Black sea bass",2007,0.916,2,3.0234,"catch","Miscellaneous coastal fishes","Medium",40,40,"tc",40
"NEFSC-BUTTERGOMCHATT-1965-2012-HIVELY","NMFS","NEFSC","United States","US East Coast","Gulf of Maine / Cape Hatteras","Other bony fish","Chordata","Actinopterygii","Perciformes","Stromateidae","Peprilus","Peprilus triacanthus","Atlantic butterfish",2012,1.74,1,2.315,"catch","Miscellaneous pelagic fishes","High",48,0,"tc",48
"NEFSC-CODGB-1976-2011-CHING","NMFS","NEFSC","United States","US East Coast","Georges Bank","Cod, pollack, haddock, hake","Chordata","Actinopterygii","Gadiformes","Gadidae","Gadus","Gadus morhua","Atlantic cod",2011,0.119,3,4.8145388,"catch","Cods, hakes, haddocks","Medium",35,0,"tc",35
"NEFSC-CODGOM-1981-2011-CHING","NMFS","NEFSC","United States","US East Coast","Gulf of Maine","Cod, pollack, haddock, hake","Chordata","Actinopterygii","Gadiformes","Gadidae","Gadus","Gadus morhua","Atlantic cod",2011,0.181,3,7.154655,"catch","Cods, hakes, haddocks","Medium",30,0,"tc",30
"NEFSC-HAD5Y-1964-2011-CHING","NMFS","NEFSC","United States","US East Coast","Gulf of Maine","Cod, pollack, haddock, hake","Chordata","Actinopterygii","Gadiformes","Gadidae","Melanogrammus","Melanogrammus aeglefinus","Haddock",2010,0.585,2,1.20595,"catch","Cods, hakes, haddocks","Medium",47,47,"tc",47
"NEFSC-HADGB-1931-2010-CHING","NMFS","NEFSC","United States","US East Coast","Georges Bank","Cod, pollack, haddock, hake","Chordata","Actinopterygii","Gadiformes","Gadidae","Melanogrammus","Melanogrammus aeglefinus","Haddock",2010,1.34,2,20.5708,"catch","Cods, hakes, haddocks","Medium",51,22,"tc",51
"NEFSC-POLL5YZ-1960-2009-CHING","NMFS","NEFSC","United States","US East Coast","Gulf of Maine / Georges Bank","Cod, pollack, haddock, hake","Chordata","Actinopterygii","Gadiformes","Gadidae","Pollachius","Pollachius virens","Pollock",2009,2.15,1,8.9136,"catch","Cods, hakes, haddocks","Medium",50,50,"tc",50
"NEFSC-SCALL5ZMAB-1964-2013-HIVELY","NMFS","NEFSC","United States","US East Coast","Georges Bank and Mid-Atlantic Bight","Invertebrates","Mollusca","Bivalvia","Ostreoida","Pectinidae","Placopecten","Placopecten magellanicus","Sea scallop",2013,1.37,2,24.6518,"landings","Scallops, pectens","Medium",0,50,"tl",50
"NEFSC-SCUPNWATLC-1960-2007-TERCEIRO","NMFS","NEFSC","United States","US East Coast","Northwestern Atlantic Coast","Other bony fish","Chordata","Actinopterygii","Perciformes","Sparidae","Stenotomus","Stenotomus chrysops","Scup",2007,1.3,2,7.7646,"catch","Miscellaneous coastal fishes","Medium",48,48,"tc",48
"NEFSC-SFLOUNMATLC-1940-2012-HIVELY","NMFS","NEFSC","United States","US East Coast","Mid-Atlantic Coast","Flatfish","Chordata","Actinopterygii","Pleuronectiformes","Paralichthyidae","Paralichthys","Paralichthys dentatus","Summer flounder",2012,0.821,2,5.6958,"landings","Flounders, halibuts, soles","Medium",0,73,"tl",73
"NEFSC-SURFMATLC-1965-2008-JACOBSON","NMFS","NEFSC","United States","US East Coast","Mid-Atlantic Coast","Invertebrates","Mollusca","Bivalvia","Veneroida","Mactridae","Spisula","Spisula solidissima","Atlantic surfclam",2008,1.62,1,23.26564,"landings","Clams, cockles, arkshells","Medium",13,44,"tl",44
"NEFSC-TILEMATLC-1915-2012-HIVELY","NMFS","NEFSC","United States","US East Coast","Mid-Atlantic Coast","Other bony fish","Chordata","Actinopterygii","Perciformes","Malacanthidae","Lopholatilus","Lopholatilus chamaeleonticeps","Tilefish",2012,1.01,2,0.8442,"landings","Miscellaneous demersal fishes","Low",0,98,"tl",98
"NEFSC-WEAKFISHATLC-1981-2008-STANTON","NMFS","NEFSC","United States","US East Coast","Atlantic Coast","Other bony fish","Chordata","Actinopterygii","Perciformes","Sciaenidae","Cynoscion","Cynoscion regalis","Weakfish",2008,0.131,3,1.2092,"catch","Miscellaneous coastal fishes","High",28,0,"tc",28
"NEFSC-WHAKEGBGOM-1963-2007-SOSEBEE","NMFS","NEFSC","United States","US East Coast","Gulf of Maine / Georges Bank","Cod, pollack, haddock, hake","Chordata","Actinopterygii","Gadiformes","Gadidae","Urophycis","Urophycis tenuis","White hake",2007,0.352,3,3.381774,"catch","Cods, hakes, haddocks","Low",45,0,"tc",45
"NEFSC-WINFLOUN5Z-1964-2011-HIVELY","NMFS","NEFSC","United States","US East Coast","Georges Bank","Flatfish","Chordata","Actinopterygii","Pleuronectiformes","Pleuronectidae","Pseudopleuronectes","Pseudopleuronectes americanus","Winter flounder",2010,0.822,2,1.44375,"catch","Flounders, halibuts, soles","Medium",47,47,"tc",47
"NEFSC-WINFLOUNSNEMATL-1980-2010-HIVELY","NMFS","NEFSC","United States","US East Coast","Southern New England /Mid Atlantic","Flatfish","Chordata","Actinopterygii","Pleuronectiformes","Pleuronectidae","Pseudopleuronectes","Pseudopleuronectes americanus","Winter flounder",2010,0.162,3,1.2164,"catch","Flounders, halibuts, soles","Medium",30,0,"tc",30
"NEFSC-WITFLOUN5Y-1982-2008-WIGLEY","NMFS","NEFSC","United States","US East Coast","Gulf of Maine","Flatfish","Chordata","Actinopterygii","Pleuronectiformes","Pleuronectidae","Glyptocephalus","Glyptocephalus cynoglossus","Witch flounder",2007,0.3,3,2.2874275,"catch","Flounders, halibuts, soles","Low",26,26,"tc",26
"NEFSC-YELLCCODGOM-1935-2008-LEGAULT","NMFS","NEFSC","United States","US East Coast","Cape Cod / Gulf of Maine","Flatfish","Chordata","Actinopterygii","Pleuronectiformes","Pleuronectidae","Limanda","Limanda ferruginea","Yellowtail flounder",2007,0.247,3,1.08,"catch","Flounders, halibuts, soles","Medium",73,0,"tc",73
"NEFSC-YELLGB-1935-2008-BAUM","NMFS","NEFSC","United States","US East Coast","Georges Bank","Flatfish","Chordata","Actinopterygii","Pleuronectiformes","Pleuronectidae","Limanda","Limanda ferruginea","Yellowtail flounder",2007,0.221,3,3.66875,"catch","Flounders, halibuts, soles","Medium",73,73,"tc",73
"NEFSC-YELLSNEMATL-1935-2008-BAUM","NMFS","NEFSC","United States","US East Coast","Southern New England /Mid Atlantic","Flatfish","Chordata","Actinopterygii","Pleuronectiformes","Pleuronectidae","Limanda","Limanda ferruginea","Yellowtail flounder",2007,0.128,3,0.4698,"catch","Flounders, halibuts, soles","Medium",73,0,"tc",73
"NMFS-STMARLINNPAC-1952-2004-BRANCH","NMFS","NMFS","United States","Pacific Ocean","North Pacific","Tuna, marlin, swordfish","Chordata","Actinopterygii","Perciformes","Istiophoridae","Kajikia","Kajikia audax","Striped marlin",2004,0.387,3,4.5984,"landings","Tunas, bonitos, billfishes","Medium",0,53,"tl",53
"NWFSC-ARFLOUNDPCOAST-1916-2007-BRANCH","NMFS","NWFSC","United States","US West Coast","Pacific Coast","Flatfish","Chordata","Actinopterygii","Pleuronectiformes","Pleuronectidae","Atheresthes","Atheresthes stomias","Arrowtooth flounder",2007,3.81,1,2.9064,"catch","Flounders, halibuts, soles","Low",92,0,"tc",92
"NWFSC-BGROCKPCOAST-1950-2011-STACHURA","NMFS","NWFSC","United States","US West Coast","Pacific Coast","Rockfish, scorpionfish","Chordata","Actinopterygii","Scorpaeniformes","Scorpaenidae","Sebastes","Sebastes melanostomus","Blackgill rockfish",2011,1.3,2,0.100685,"catch","Miscellaneous demersal fishes","Very low",61,0,"tc",61
"NWFSC-BLACKROCKNPCOAST-1914-2006-BRANCH","NMFS","NWFSC","United States","US West Coast","Northern Pacific Coast","Rockfish, scorpionfish","Chordata","Actinopterygii","Scorpaeniformes","Scorpaenidae","Sebastes","Sebastes melanops","Black rockfish",2006,1.77,1,0.28082,"catch","Miscellaneous demersal fishes","Low",92,0,"tc",92
"NWFSC-CABEZORECOAST-1973-2009-STACHURA","NMFS","NWFSC","United States","US West Coast","Oregon Coast","Rockfish, scorpionfish","Chordata","Actinopterygii","Scorpaeniformes","Cottidae","Scorpaenichthys","Scorpaenichthys marmoratus","Cabezon",2009,1.31,2,0.044305,"catch","Miscellaneous coastal fishes","Medium",36,36,"tc",36
"NWFSC-CHILISPCOAST-1892-2007-BRANCH","NMFS","NWFSC","United States","US West Coast","Southern Pacific Coast","Rockfish, scorpionfish","Chordata","Actinopterygii","Scorpaeniformes","Scorpaenidae","Sebastes","Sebastes goodei","Chilipepper rockfish",2007,1.96,1,0.144,"catch","Miscellaneous demersal fishes","Medium",115,0,"tc",115
"NWFSC-CROCKPCOAST-1916-2011-STACHURA","NMFS","NWFSC","United States","US West Coast","Pacific Coast","Rockfish, scorpionfish","Chordata","Actinopterygii","Scorpaeniformes","Scorpaenidae","Sebastes","Sebastes pinniger","Canary rockfish",2011,0.617,2,0.0627975,"catch","Miscellaneous demersal fishes","Low",95,0,"tc",95
"NWFSC-ESOLEPCOAST-1876-2007-BRANCH","NMFS","NWFSC","United States","US West Coast","Pacific Coast","Flatfish","Chordata","Actinopterygii","Pleuronectiformes","Pleuronectidae","Parophrys","Parophrys vetulus","English sole",2007,6.42,1,1.134,"catch","Flounders, halibuts, soles","Medium",131,131,"tc",131
"NWFSC-KELPGREENLINGORECOAST-1979-2005-STANTON","NMFS","NWFSC","United States","US West Coast","Oregon Coast","Other bony fish","Chordata","Actinopterygii","Scorpaeniformes","Hexagrammidae","Hexagrammos","Hexagrammos decagrammus","Kelp greenling",2005,1.28,2,0.063537525,"landings","Miscellaneous coastal fishes","Medium",25,25,"tc",25
"NWFSC-LINGCODNPCOAST-1928-2009-STACHURA","NMFS","NWFSC","United States","US West Coast","Northern Pacific Coast","Other bony fish","Chordata","Actinopterygii","Scorpaeniformes","Hexagrammidae","Ophiodon","Ophiodon elongatus","Lingcod",2009,2.56,1,0.35225,"landings","Miscellaneous coastal fishes","Low",0,81,"tl",81
"NWFSC-LINGCODSPCOAST-1928-2009-STACHURA","NMFS","NWFSC","United States","US West Coast","Southern Pacific Coast","Other bony fish","Chordata","Actinopterygii","Scorpaeniformes","Hexagrammidae","Ophiodon","Ophiodon elongatus","Lingcod",2009,1.63,1,0.2985,"landings","Miscellaneous coastal fishes","Low",0,81,"tl",81
"NWFSC-LNOSESKAPCOAST-1915-2007-BRANCH","NMFS","NWFSC","United States","US West Coast","Pacific Coast","Elasmobranchs","Chordata","Chondrichthyes","Rajiformes","Rajidae","Raja","Raja rhina","Longnose skate",2007,1.76,1,0.9839858,"catch","Sharks, rays, chimaeras","Low",93,0,"tc",93
"NWFSC-LSTHORNHPCOAST-1964-2012-HIVELY","NMFS","NWFSC","United States","US West Coast","Pacific Coast","Rockfish, scorpionfish","Chordata","Actinopterygii","Scorpaeniformes","Scorpaenidae","Sebastolobus","Sebastolobus altivelis","Longspine thornyhead",2012,2.19,1,1.114,"catch","Miscellaneous demersal fishes","Low",49,0,"tc",49
"NWFSC-PHAKEPCOAST-1966-2012-CHING","NMFS","NWFSC","United States","US West Coast","Pacific Coast","Cod, pollack, haddock, hake","Chordata","Actinopterygii","Gadiformes","Merlucciidae","Merluccius","Merluccius productus","Pacific hake",2012,1.23,2,252.9625,"catch","Cods, hakes, haddocks","Low",46,0,"tc",46
"NWFSC-SABLEFPCOAST-1900-2011-STACHURA","NMFS","NWFSC","United States","US West Coast","Pacific Coast","Other bony fish","Chordata","Actinopterygii","Scorpaeniformes","Anoplopomatidae","Anoplopoma","Anoplopoma fimbria","Sablefish",2011,1.13,2,6.72025,"catch","Miscellaneous demersal fishes","Low",111,111,"tc",111
"NWFSC-SSTHORNHPCOAST-1901-2005-STANTON","NMFS","NWFSC","United States","US West Coast","Pacific Coast","Rockfish, scorpionfish","Chordata","Actinopterygii","Scorpaeniformes","Scorpaenidae","Sebastolobus","Sebastolobus alascanus","Shortspine thornyhead",2005,1.68,1,0.87925,"landings","Miscellaneous demersal fishes","Very low",43,43,"tc",43
"NWFSC-WROCKPCOAST-1916-2011-STACHURA","NMFS","NWFSC","United States","US West Coast","Pacific Coast","Rockfish, scorpionfish","Chordata","Actinopterygii","Scorpaeniformes","Scorpaenidae","Sebastes","Sebastes entomelas","Widow rockfish",2011,1.28,2,0.21055,"catch","Miscellaneous demersal fishes","Very low",95,0,"tc",95
"PFMC-CABEZNCAL-1930-2009-CHING","NMFS","PFMC","United States","US West Coast","Northern California","Rockfish, scorpionfish","Chordata","Actinopterygii","Scorpaeniformes","Cottidae","Scorpaenichthys","Scorpaenichthys marmoratus","Cabezon",2009,1.82,1,0.05175,"catch","Miscellaneous coastal fishes","Medium",36,10,"tc",36
"PFMC-CABEZSCAL-1930-2009-CHING","NMFS","PFMC","United States","US West Coast","Southern California","Rockfish, scorpionfish","Chordata","Actinopterygii","Scorpaeniformes","Cottidae","Scorpaenichthys","Scorpaenichthys marmoratus","Cabezon",2009,2.36,1,0.0115,"catch","Miscellaneous coastal fishes","Medium",59,10,"tc",59
"PFMC-PSOLEPCOAST-1930-2011-CHING","NMFS","PFMC","United States","US West Coast","Pacific Coast","Flatfish","Chordata","Actinopterygii","Pleuronectiformes","Pleuronectidae","Eopsetta","Eopsetta jordani","Petrale sole",2011,0.813,2,1.70472,"catch","Flounders, halibuts, soles","Medium",82,12,"tc",82
"SEFSC-BLACKGROUPERGMSATL-1986-2008-THORSON","NMFS","SEFSC","United States","US Southeast/Gulf","Gulf of Mexico and South Atlantic","Snapper, grouper, sea bass","Chordata","Actinopterygii","Perciformes","Serranidae","Mycteroperca","Mycteroperca bonaci","Black grouper",2008,1.4,2,0.15214,"catch","Miscellaneous coastal fishes","Low",23,23,"tc",23
"SEFSC-BSBASSSATL-1950-2010-HIVELY","NMFS","SEFSC","United States","US Southeast/Gulf","South Atlantic","Snapper, grouper, sea bass","Chordata","Actinopterygii","Perciformes","Serranidae","Centropristis","Centropristis striata","Black sea bass",2010,0.703,2,0.44769566,"landings","Miscellaneous coastal fishes","Medium",0,61,"tl",61
"SEFSC-GAGGM-1963-2012-HIVELY","NMFS","SEFSC","United States","US Southeast/Gulf","Gulf of Mexico","Snapper, grouper, sea bass","Chordata","Actinopterygii","Perciformes","Serranidae","Mycteroperca","Mycteroperca microlepis","Gag",2012,0.558,2,0.30876488,"catch","Miscellaneous coastal fishes","Low",50,0,"tc",50
"SEFSC-LISQUIDATLC-1963-2009-HIVELY","NMFS","SEFSC","United States","US Southeast/Gulf","Atlantic Coast","Invertebrates","Mollusca","Cephalopoda","Teuthida","Loliginidae","Loligo","Loligo pealeii","Longfin inshore squid",2009,0.938,2,13.606,"catch","Miscellaneous coastal fishes","High",47,0,"tc",47
"SEFSC-RGROUPSATL-1976-2009-HIVELY","NMFS","SEFSC","United States","US Southeast/Gulf","South Atlantic","Snapper, grouper, sea bass","Chordata","Actinopterygii","Perciformes","Serranidae","Epinephelus","Epinephelus morio","Red grouper",2009,0.749,2,0.507380475,"catch","Miscellaneous coastal fishes","Low",33,33,"tc",33
"SEFSC-RPORGYSATLC-1972-2012-HIVELY","NMFS","SEFSC","United States","US Southeast/Gulf","Southern Atlantic coast","Other bony fish","Chordata","Actinopterygii","Perciformes","Sparidae","Pagrus","Pagrus pagrus","Common seabream",2011,0.474,3,0.1448037,"landings","Miscellaneous coastal fishes","Medium",0,40,"tl",40
"SEFSC-SNOWGROUPSATLC-1974-2013-HIVELY","NMFS","SEFSC","United States","US Southeast/Gulf","Southern Atlantic coast","Snapper, grouper, sea bass","Chordata","Actinopterygii","Perciformes","Serranidae","Epinephelus","Epinephelus niveatus","Snowy grouper",2013,0.574,2,0.064407855,"landings","Miscellaneous coastal fishes","Low",0,39,"tl",39
"SEFSC-SPANMACKGM-1886-2011-HIVELY","NMFS","SEFSC","United States","US Southeast/Gulf","Gulf of Mexico","Tuna, marlin, swordfish","Chordata","Actinopterygii","Perciformes","Scombridae","Scomberomorus","Scomberomorus maculatus","Spanish mackerel",2011,1.84,1,0.5944014,"landings","Tunas, bonitos, billfishes","Medium",0,63,"tl",63
"SEFSC-SPANMACKSATLC-1950-2012-HIVELY","NMFS","SEFSC","United States","US Southeast/Gulf","Southern Atlantic coast","Tuna, marlin, swordfish","Chordata","Actinopterygii","Perciformes","Scombridae","Scomberomorus","Scomberomorus maculatus","Spanish mackerel",2012,1.2,2,2.1799945,"landings","Tunas, bonitos, billfishes","Medium",0,62,"tl",62
"SEFSC-VSNAPSATLC-1946-2008-STANTON","NMFS","SEFSC","United States","US Southeast/Gulf","Southern Atlantic coast","Snapper, grouper, sea bass","Chordata","Actinopterygii","Perciformes","Lutjanidae","Rhomboplites","Rhomboplites aurorubens","Vermilion snapper",2008,0.801,2,661.2855,"landings","Miscellaneous coastal fishes","Medium",50,50,"tc",50
"SEFSC-YEGROUPGM-1975-2009-HIVELY","NMFS","SEFSC","United States","US Southeast/Gulf","Gulf of Mexico","Snapper, grouper, sea bass","Chordata","Actinopterygii","Perciformes","Serranidae","Epinephelus","Epinephelus flavolimbatus","Yellowedge grouper",2009,1.67,1,0.36730268,"landings","Miscellaneous coastal fishes","Low",0,35,"tl",35
"SWFSC-CMACKPCOAST-1929-2008-PINSKY","NMFS","SWFSC","United States","US West Coast","Pacific Coast","Forage fish","Chordata","Actinopterygii","Perciformes","Scombridae","Scomber","Scomber japonicus","Chub mackerel",2008,0.68,2,13.61972,"landings","Miscellaneous pelagic fishes","Medium",80,80,"tc",80
"SWFSC-DSOLEPCOAST-1910-2011-STACHURA","NMFS","SWFSC","United States","US West Coast","Pacific Coast","Flatfish","Chordata","Actinopterygii","Pleuronectiformes","Pleuronectidae","Microstomus","Microstomus pacificus","Dover sole",2011,3.44,1,11.63725,"catch","Flounders, halibuts, soles","Low",101,101,"tc",101
"SWFSC-GOPHERSPCOAST-1965-2005-STANTON","NMFS","SWFSC","United States","US West Coast","Southern Pacific Coast","Rockfish, scorpionfish","Chordata","Actinopterygii","Scorpaeniformes","Scorpaenidae","Sebastes","Sebastes carnatus","Gopher rockfish",2005,2.55,1,0.119225,"catch","Miscellaneous demersal fishes","Low",40,0,"tc",40
"SWFSC-STFLOUNNPCOAST-1970-2005-STANTON","NMFS","SWFSC","United States","US West Coast","Northern Pacific Coast","Flatfish","Chordata","Actinopterygii","Pleuronectiformes","Pleuronectidae","Platichthys","Platichthys stellatus","Starry flounder",2005,1.1,2,0.0485,"catch","Flounders, halibuts, soles","Medium",35,0,"tc",35
"SWFSC-STFLOUNSPCOAST-1970-2005-STANTON","NMFS","SWFSC","United States","US West Coast","Southern Pacific Coast","Flatfish","Chordata","Actinopterygii","Pleuronectiformes","Pleuronectidae","Platichthys","Platichthys stellatus","Starry flounder",2005,1.49,2,0.05375,"catch","Flounders, halibuts, soles","Medium",35,0,"tc",35
