"Region","Subregion","Stock","Name","EnglishName","ScientificName","SpecCode","Group","Source","MinOfYear","MaxOfYear","StartYear","EndYear","Flim","Fpa","Blim","Bpa","Bmsy","FMSY","MSYBtrigger","B40","M","Fofl","SSB","Resilience","r.low","r.hi","stb.low","stb.hi","int.yr","intb.low","intb.hi","endb.low","endb.hi","q.start","q.end","btype","force.cmsy","Comment"
"South America","Southern Argentina","INIDEP-PATGRENADIERSARG-1983-2006-Parma","Patagonian grenadier","Patagonian grenadier","Macruronus magellanicus",NA,"Cods, hakes, haddocks","RAMLDB",1985,2006,1985,2006,NA,NA,NA,NA,642031,0.3294,NA,NA,0.3,NA,372542,"Low",NA,NA,NA,NA,NA,NA,NA,NA,NA,NA,NA,"None",FALSE,NA
"Australia","Southeast Australia","CSIRO-BIGHTREDSE-1958-2007-FULTON","Bight redfish","Bight redfish","Centroberyx gerrardi",NA,"Miscellaneous demersal fishes","RAMLDB",1958,2006,1988,2006,NA,NA,NA,NA,NA,NA,NA,NA,0.1,NA,16240.128,"Very low",NA,NA,NA,NA,NA,NA,NA,NA,NA,NA,NA,"None",FALSE,NA
"Australia","Southeast Australia","CSIRO-DEEPFLATHEADSE-1978-2007-FULTON","Deepwater flathead","Deepwater flathead","Platycephalus conatus",NA,"Miscellaneous coastal fishes","RAMLDB",1978,2006,1988,2006,NA,NA,NA,NA,NA,NA,NA,NA,3.2494,NA,3286.512,"Low",NA,NA,NA,NA,NA,NA,NA,NA,NA,NA,NA,"None",FALSE,NA
"Australia","Southeast Australia","CSIRO-MORWONGSE-1913-2007-FULTON","Hawaiian morwong","Hawaiian morwong","Nemadactylus macropterus",NA,"Miscellaneous demersal fishes","RAMLDB",1913,2007,1915,2007,NA,NA,NA,NA,NA,NA,NA,NA,0.15,NA,11482.608,"Low",NA,NA,NA,NA,NA,NA,NA,NA,NA,NA,NA,"None",FALSE,NA
"Australia","Southeast Australia","CSIRO-NZLINGESE-1968-2007-FULTON","New Zealand ling","New Zealand ling","Genypterus blacodes",NA,"Miscellaneous demersal fishes","RAMLDB",1968,2007,1977,2007,NA,NA,NA,NA,NA,NA,NA,NA,0.2,NA,3324.48,"Low",NA,NA,NA,NA,NA,NA,NA,NA,NA,NA,NA,"None",FALSE,NA
"Australia","Western half of Southeast Australia","CSIRO-NZLINGWSE-1968-2007-FULTON","New Zealand ling","New Zealand ling","Genypterus blacodes",NA,"Miscellaneous demersal fishes","RAMLDB",1968,2007,1979,2007,NA,NA,NA,NA,NA,NA,NA,NA,0.2,NA,3377.5632,"Low",NA,NA,NA,NA,NA,NA,NA,NA,NA,NA,NA,"None",FALSE,NA
"Australia","Southeast Australia","CSIRO-OROUGHYSE-1978-2007-FULTON","Orange roughy","Orange roughy","Hoplostethus atlanticus",NA,"Miscellaneous demersal fishes","RAMLDB",1978,2006,1985,2006,NA,NA,NA,NA,NA,NA,NA,NA,NA,NA,8149.26,"Very low",NA,NA,NA,NA,NA,NA,NA,NA,NA,NA,NA,"None",FALSE,NA
"Australia","Macquarie Island","CSIRO-PTOOTHFISHMI-1975-2010-FAY","Patagonian toothfish","Patagonian toothfish","Dissostichus eleginoides",NA,"Miscellaneous demersal fishes","RAMLDB",1975,2009,1994,2009,NA,NA,NA,NA,NA,0.0580997,NA,NA,0.13,NA,869.707,"Low",NA,NA,NA,NA,NA,NA,NA,NA,NA,NA,NA,"None",FALSE,NA
"Australia","Southeast Australia","CSIRO-SILVERFISHSE-1978-2006-FULTON","Silverfish","Silverfish","Seriolella punctata",NA,"Miscellaneous demersal fishes","RAMLDB",1978,2006,1980,2006,NA,NA,NA,NA,NA,NA,NA,NA,0.25,NA,9927.456,"Medium",NA,NA,NA,NA,NA,NA,NA,NA,NA,NA,NA,"None",FALSE,NA
"Australia","Southeast Australia","CSIRO-SWHITSE-1945-2007-FULTON","School whiting","School whiting","Sillago flindersi",NA,"Miscellaneous coastal fishes","RAMLDB",1945,2007,1947,2007,NA,NA,NA,NA,NA,NA,NA,NA,0.5,NA,3734.3088,"Medium",NA,NA,NA,NA,NA,NA,NA,NA,NA,NA,NA,"None",FALSE,NA
"Australia","Southeast Australia","CSIRO-TIGERFLATSE-1913-2006-FULTON","Tiger flathead","Tiger flathead","Neoplatycephalus richardsoni",NA,"Marine fishes not identified","RAMLDB",1913,2005,1915,2005,NA,NA,NA,NA,NA,NA,NA,NA,3.31,NA,5472.868,"Medium",NA,NA,NA,NA,NA,NA,NA,NA,NA,NA,NA,"None",FALSE,NA
"Australia","Eastern half of Southeast Australia","CSIRO-WAREHOUESE-1984-2006-FULTON","whario","whario","Seriolella brama",NA,"Miscellaneous demersal fishes","RAMLDB",1984,2006,1985,2006,NA,NA,NA,NA,NA,NA,NA,NA,NA,NA,1568.16,"Medium",NA,NA,NA,NA,NA,NA,NA,NA,NA,NA,NA,"None",FALSE,NA
"Australia","Western half of Southeast Australia","CSIRO-WAREHOUWSE-1984-2006-FULTON","whario","whario","Seriolella brama",NA,"Miscellaneous demersal fishes","RAMLDB",1984,2006,1985,2006,NA,NA,NA,NA,NA,NA,NA,NA,NA,NA,1568.16,"Medium",NA,NA,NA,NA,NA,NA,NA,NA,NA,NA,NA,"None",FALSE,NA
"Canada West Coast","West Coast of Vancouver Island and Straight of Georgia and Queen Charlotte Islands","DFO-CROCKWCVANISOGQCI-1945-2009-STANTON","Canary rockfish","Canary rockfish","Sebastes pinniger",NA,"Miscellaneous demersal fishes","RAMLDB",1945,2009,1945,2009,NA,NA,NA,NA,NA,NA,NA,NA,0.06,NA,1988,"Low",NA,NA,NA,NA,NA,NA,NA,NA,NA,NA,NA,"None",FALSE,NA
"Canada East Coast","Western Scotian Shelf, Bay of Fundy and Gulf of Maine","DFO-MAR-HAD4X5Y-1970-2011-CHING","Haddock","Haddock","Melanogrammus aeglefinus",NA,"Cods, hakes, haddocks","RAMLDB",1970,2010,1970,2010,NA,NA,NA,NA,NA,NA,NA,NA,NA,NA,52000,"Medium",NA,NA,NA,NA,NA,NA,NA,NA,NA,NA,NA,"None",FALSE,NA
"Canada West Coast","Hecate Strait","DFO-PAC-PCODHS-1956-2005-COLLIE","Pacific cod","Pacific cod","Gadus macrocephalus",NA,"Cods, hakes, haddocks","RAMLDB",1956,2004,1956,2004,NA,NA,NA,NA,8861,0.354,NA,NA,0.567,NA,NA,"Low",NA,NA,NA,NA,NA,NA,NA,NA,NA,NA,NA,"None",FALSE,NA
"Canada West Coast","West Coast of Vancouver Island","DFO-PAC-PCODWCVANI-1956-2002-COLLIE","Pacific cod","Pacific cod","Gadus macrocephalus",NA,"Cods, hakes, haddocks","RAMLDB",1956,2001,1956,2001,NA,NA,NA,NA,6731,0.226,NA,NA,0.579,NA,NA,"Low",NA,NA,NA,NA,NA,NA,NA,NA,NA,NA,NA,"None",FALSE,NA
"Canada West Coast","Pacific Coast of Canada","DFO-PAC-SABLEFPCAN-1913-2010-HIVELY","Sablefish","Sablefish","Anoplopoma fimbria",NA,"Miscellaneous demersal fishes","RAMLDB",1913,2010,1913,2010,NA,NA,NA,NA,NA,NA,NA,NA,0.06,NA,27680,"Low",NA,NA,NA,NA,NA,NA,NA,NA,NA,NA,NA,"None",FALSE,NA
"New Zealand","New Zealand","NIWA-AUSSALMONNZ-1975-2006-JENSEN","Australian salmon","Australian salmon","Arripis trutta",NA,"Miscellaneous coastal fishes","RAMLDB",1975,2006,1975,2006,NA,NA,NA,NA,NA,0.32,NA,NA,0.18,NA,12280.72932,"Medium",NA,NA,NA,NA,NA,NA,NA,NA,NA,NA,NA,"None",FALSE,NA
"New Zealand","East coast of North Island","NIWA-BKCDLFENI-1923-2009-CORDUE","Black cardinalfish","Black cardinalfish","Epigonus telescopus",NA,"Miscellaneous demersal fishes","RAMLDB",1923,2009,1983,2009,NA,NA,NA,NA,6054.545455,NA,NA,NA,0.04,NA,8428,"Very low",NA,NA,NA,NA,NA,NA,NA,NA,NA,NA,NA,"None",FALSE,NA
"New Zealand","Pukaki Rise","NIWA-BLACKOREOPR-1974-2009-CORDUE","Black oreo","Black oreo","Allocyttus niger",NA,"Miscellaneous demersal fishes","RAMLDB",1974,2009,1979,2009,NA,NA,NA,NA,7444.444444,NA,NA,NA,0.04,NA,7347,"Very low",NA,NA,NA,NA,NA,NA,NA,NA,NA,NA,NA,"None",FALSE,NA
"New Zealand","NZ Area STA7","NIWA-GSTRGZRSTA7-1964-2007-CORDUE","Giant stargazer","Giant stargazer","Kathetostoma giganteum",NA,"Miscellaneous demersal fishes","RAMLDB",1964,2007,1964,2007,NA,NA,NA,NA,NA,0.38,NA,NA,0.18,NA,2568,"Medium",NA,NA,NA,NA,NA,NA,NA,NA,NA,NA,NA,"None",FALSE,NA
"New Zealand","Eastern New Zealand","NIWA-HOKIENZ-1970-2012-CORDUE","Hoki","Hoki","Macruronus novaezelandiae",NA,"Cods, hakes, haddocks","RAMLDB",1972,2012,1972,2012,NA,NA,NA,NA,307142.8571,NA,NA,NA,0.29,NA,106984.5,"Low",NA,NA,NA,NA,NA,NA,NA,NA,NA,NA,NA,"None",FALSE,NA
"New Zealand","Western New Zealand","NIWA-HOKIWNZ-1970-2012-CORDUE","Hoki","Hoki","Macruronus novaezelandiae",NA,"Cods, hakes, haddocks","RAMLDB",1972,2012,1972,2012,NA,NA,NA,NA,508000,NA,NA,NA,0.29,NA,189665,"Low",NA,NA,NA,NA,NA,NA,NA,NA,NA,NA,NA,"None",FALSE,NA
"New Zealand","New Zealand Areas LIN 3 and 4","NIWA-NZLINGLIN3-4-1968-2011-CORDUE","New Zealand ling","New Zealand ling","Genypterus blacodes",NA,"Miscellaneous demersal fishes","RAMLDB",1968,2011,1973,2011,NA,NA,NA,NA,NA,0.19,NA,NA,0.1,NA,59489,"Low",NA,NA,NA,NA,NA,NA,NA,NA,NA,NA,NA,"None",FALSE,NA
"New Zealand","New Zealand Areas LIN 5 and 6","NIWA-NZLINGLIN5-6-1968-2011-CORDUE","New Zealand ling","New Zealand ling","Genypterus blacodes",NA,"Miscellaneous demersal fishes","RAMLDB",1968,2011,1973,2011,NA,NA,NA,NA,NA,0.49,NA,NA,0.21,NA,69432,"Low",NA,NA,NA,NA,NA,NA,NA,NA,NA,NA,NA,"None",FALSE,NA
"New Zealand","Chatham Rise","NIWA-OROUGHYCR-1979-2006-CORDUE","Orange roughy","Orange roughy","Hoplostethus atlanticus",NA,"Miscellaneous demersal fishes","RAMLDB",1979,2006,1980,2006,NA,NA,NA,NA,22666.66667,NA,NA,NA,0.05,NA,22502,"Very low",NA,NA,NA,NA,NA,NA,NA,NA,NA,NA,NA,"None",FALSE,NA
"New Zealand","New Zealand Mid East Coast","NIWA-OROUGHYNZMEC-1909-2011-CORDUE","Orange roughy","Orange roughy","Hoplostethus atlanticus",NA,"Miscellaneous demersal fishes","RAMLDB",1909,2011,1982,2011,NA,NA,NA,NA,NA,0.04,NA,NA,0.03,NA,24042,"Very low",NA,NA,NA,NA,NA,NA,NA,NA,NA,NA,NA,"None",FALSE,NA
"New Zealand","NZ Area North PAUA 5A","NIWA-PAUANPAU5A-1965-2010-CORDUE","Blackfoot abalone","Blackfoot abalone","Haliotis iris",NA,"Abalones, winkles, conchs","RAMLDB",1965,2010,1965,2010,NA,NA,NA,NA,123.5294118,0.510000003,NA,NA,0.18,NA,276,"Low",NA,NA,NA,NA,NA,NA,NA,NA,NA,NA,NA,"None",FALSE,NA
"New Zealand","New Zealand Area PAU 7 (Marlborough)","NIWA-PAUAPAU7-1965-2011-CORDUE","Blackfoot abalone","Blackfoot abalone","Haliotis iris",NA,"Abalones, winkles, conchs","RAMLDB",1965,2011,1965,2011,NA,NA,NA,NA,654.5454545,0.330000005,NA,NA,0.14,NA,1108,"Low",NA,NA,NA,NA,NA,NA,NA,NA,NA,NA,NA,"None",FALSE,NA
"New Zealand","NZ Area South PAUA 5A","NIWA-PAUASPAU5A-1965-2009-CORDUE","Blackfoot abalone","Blackfoot abalone","Haliotis iris",NA,"Abalones, winkles, conchs","RAMLDB",1965,2009,1965,2009,NA,NA,NA,NA,234.2857143,0.210000007,NA,NA,0.12,NA,332.352,"Low",NA,NA,NA,NA,NA,NA,NA,NA,NA,NA,NA,"None",FALSE,NA
"New Zealand","Bay of Plenty","NIWA-SCMPBP-1985-2010-CORDUE","Scampi","Scampi","Metanephrops challengeri",NA,"Lobsters, spiny-rock lobsters","RAMLDB",1985,2010,1987,2010,NA,NA,NA,NA,NA,0.54,NA,NA,0.2,NA,624,"Medium",NA,NA,NA,NA,NA,NA,NA,NA,NA,NA,NA,"None",FALSE,NA
"New Zealand","Wairarapa/Hawke Bay","NIWA-SCMPWHB-1985-2010-CORDUE","Scampi","Scampi","Metanephrops challengeri",NA,"Lobsters, spiny-rock lobsters","RAMLDB",1985,2010,1988,2010,NA,NA,NA,NA,NA,0.51,NA,NA,0.2,NA,625,"Medium",NA,NA,NA,NA,NA,NA,NA,NA,NA,NA,NA,"None",FALSE,NA
"New Zealand","Bounty Plateau","NIWA-SMOOTHOREOBP-1983-2008-CORDUE","Smooth oreo","Smooth oreo","Pseudocyttus maculatus",NA,"Miscellaneous demersal fishes","RAMLDB",1983,2008,1984,2008,NA,NA,NA,NA,6385.714286,NA,NA,NA,0.06,NA,4275,"Very low",NA,NA,NA,NA,NA,NA,NA,NA,NA,NA,NA,"None",FALSE,NA
"New Zealand","Chatham Rise","NIWA-SMOOTHOREOCR-1978-2010-CORDUE","Smooth oreo","Smooth oreo","Pseudocyttus maculatus",NA,"Miscellaneous demersal fishes","RAMLDB",1978,2010,1979,2010,NA,NA,NA,NA,43300,NA,NA,NA,0.06,NA,39603,"Very low",NA,NA,NA,NA,NA,NA,NA,NA,NA,NA,NA,"None",FALSE,NA
"New Zealand","East Pukaki Rise","NIWA-SMOOTHOREOEPR-1973-2006-CORDUE","Smooth oreo","Smooth oreo","Pseudocyttus maculatus",NA,"Miscellaneous demersal fishes","RAMLDB",1973,2006,1981,2006,NA,NA,NA,NA,5537.5,NA,NA,NA,0.06,NA,4239,"Very low",NA,NA,NA,NA,NA,NA,NA,NA,NA,NA,NA,"None",FALSE,NA
"New Zealand","Southland","NIWA-SMOOTHOREOSLD-1973-2007-CORDUE","Smooth oreo","Smooth oreo","Pseudocyttus maculatus",NA,"Miscellaneous demersal fishes","RAMLDB",1973,2007,1978,2007,NA,NA,NA,NA,NA,0.08,NA,NA,0.06,NA,5216.87,"Very low",NA,NA,NA,NA,NA,NA,NA,NA,NA,NA,NA,"None",FALSE,NA
"New Zealand","West end of Chatham Rise","NIWA-SMOOTHOREOWECR-1965-2009-CORDUE","Smooth oreo","Smooth oreo","Pseudocyttus maculatus",NA,"Miscellaneous demersal fishes","RAMLDB",1965,2009,1973,2009,NA,NA,NA,NA,18158.33333,NA,NA,NA,0.06,NA,21119,"Very low",NA,NA,NA,NA,NA,NA,NA,NA,NA,NA,NA,"None",FALSE,NA
"New Zealand","Sub-Antarctic","NIWA-SOUTHHAKESA-1974-2011-CORDUE","Southern hake","Southern hake","Merluccius australis",NA,"Cods, hakes, haddocks","RAMLDB",1974,2011,1975,2011,NA,NA,NA,NA,20851.06383,NA,NA,NA,0.19,NA,19462,"Low",NA,NA,NA,NA,NA,NA,NA,NA,NA,NA,NA,"None",FALSE,NA
"New Zealand","Sub-Antarctic","NIWA-TARAKNZ-1932-2007-CORDUE","Hawaiian morwong","Hawaiian morwong","Nemadactylus macropterus",NA,"Miscellaneous demersal fishes","RAMLDB",1932,2007,1932,2007,NA,NA,NA,NA,NA,0.1,NA,NA,0.1,NA,4864,"Low",NA,NA,NA,NA,NA,NA,NA,NA,NA,NA,NA,"None",FALSE,NA
"New Zealand","West end of Chatham Rise","NZMFishDEEPWATER-BLACKOREOWECR-1973-2007-JENSEN","Black oreo","Black oreo","Allocyttus niger",NA,"Miscellaneous demersal fishes","RAMLDB",1973,2007,1973,2007,NA,NA,NA,NA,NA,0.0341,NA,NA,0.044,NA,27427,"Very low",NA,NA,NA,NA,NA,NA,NA,NA,NA,NA,NA,"None",FALSE,NA
"New Zealand","New Zealand","NZMFishINSHOREWG-BNSNZ-1935-2011-CORDUE","Bluenose","Bluenose","Hyperoglyphe antarctica",NA,"Miscellaneous demersal fishes","RAMLDB",1935,2011,1936,2011,NA,NA,NA,NA,NA,0.08,NA,NA,0.08,NA,10377,"Low",NA,NA,NA,NA,NA,NA,NA,NA,NA,NA,NA,"None",FALSE,NA
"New Zealand","New Zealand Area 8 (Auckland and Central West)","NZMFishINSHOREWG-NZSNAPNZ8-1931-2005-JENSEN","New Zealand snapper","New Zealand snapper","Chrysophrys auratus",NA,"Miscellaneous coastal fishes","RAMLDB",1931,2005,1931,2005,NA,NA,NA,NA,NA,0.0923,NA,NA,0.0507649,NA,23536.1148,"Low",NA,NA,NA,NA,NA,NA,NA,NA,NA,NA,NA,"None",FALSE,NA
"New Zealand","New Zealand Areas TRE 7","NZMFishINSHOREWG-TREVALLYTRE7-1944-2005-JENSEN","Trevally","Trevally","Pseudocaranx dentex",NA,"Miscellaneous pelagic fishes","RAMLDB",1944,2005,1944,2005,NA,NA,NA,NA,NA,0.113,NA,NA,0.1,NA,15634.89433,"Medium",NA,NA,NA,NA,NA,NA,NA,NA,NA,NA,NA,"None",FALSE,NA
"New Zealand","New Zealand","NZMFishMIDDEPTHSWG-GEMFISHNZ-1952-2007-JENSEN","common gemfish","common gemfish","Rexea solandri",NA,"Miscellaneous demersal fishes","RAMLDB",1952,2006,1952,2006,NA,NA,NA,NA,NA,0.289566667,NA,NA,0.24,NA,1803.026167,"Low",NA,NA,NA,NA,NA,NA,NA,NA,NA,NA,NA,"None",FALSE,NA
"New Zealand","New Zealand Areas LIN 6b","NZMFishMIDDEPTHSWG-NZLINGLIN6b-1980-2006-JENSEN","New Zealand ling","New Zealand ling","Genypterus blacodes",NA,"Miscellaneous demersal fishes","RAMLDB",1980,2006,1981,2006,NA,NA,NA,NA,NA,0.308,NA,NA,0.18,NA,3014.0994,"Low",NA,NA,NA,NA,NA,NA,NA,NA,NA,NA,NA,"None",FALSE,NA
"New Zealand","New Zealand Areas LIN 72","NZMFishMIDDEPTHSWG-NZLINGLIN72-1972-2007-JENSEN","New Zealand ling","New Zealand ling","Genypterus blacodes",NA,"Miscellaneous demersal fishes","RAMLDB",1972,2007,1973,2007,NA,NA,NA,NA,NA,0.246,NA,NA,0.18,NA,1700.080512,"Low",NA,NA,NA,NA,NA,NA,NA,NA,NA,NA,NA,"None",FALSE,NA
"New Zealand","New Zealand Areas LIN 7WC-WCSI","NZMFishMIDDEPTHSWG-NZLINGLIN7WC-1972-2008-JENSEN","New Zealand ling","New Zealand ling","Genypterus blacodes",NA,"Miscellaneous demersal fishes","RAMLDB",1972,2008,1973,2008,NA,NA,NA,NA,NA,0.202,NA,NA,0.22,NA,28029.9456,"Low",NA,NA,NA,NA,NA,NA,NA,NA,NA,NA,NA,"None",FALSE,NA
"West Africa","West Africa","FAO-SPNWA-RSARDINWA-1990-2010-CHING","Round sardinella","Round sardinella","Sardinella aurita",NA,"Herrings, sardines, anchovies","RAMLDB",1990,2010,1990,2010,NA,NA,NA,NA,110021,0.26,NA,NA,NA,NA,NA,"High",NA,NA,NA,NA,NA,NA,NA,NA,NA,NA,NA,"None",FALSE,NA
"West Africa","West Africa","FAO-SPNWA-SARDINWA-1990-2010-CHING","Sardinella","Sardinella","Sardinella spp",NA,"Herrings, sardines, anchovies","RAMLDB",1990,2010,1990,2010,NA,NA,NA,NA,1157840,0.28,NA,NA,NA,NA,NA,"High",NA,NA,NA,NA,NA,NA,NA,NA,NA,NA,NA,"None",FALSE,NA
"West Africa","West Africa Zone C","FAO-SPNWA-SARDWAZC-1990-2010-CHING","European pilchard","European pilchard","Sardina pilchardus",NA,"Herrings, sardines, anchovies","RAMLDB",1990,2010,1990,2010,NA,NA,NA,NA,3400129.412,0.25,NA,NA,NA,NA,NA,"Medium",NA,NA,NA,NA,NA,NA,NA,NA,NA,NA,NA,"None",FALSE,NA
"European Union","22-24-IIIa","HAWG-HERR2224IIIa-1991-2011-NEUBAUER","Herring","Herring","Clupea harengus",NA,"Herrings, sardines, anchovies","RAMLDB",1991,2010,1991,2010,NA,NA,NA,NA,110000,0.25,NA,NA,NA,NA,NA,"Medium",NA,NA,NA,NA,NA,NA,NA,NA,NA,NA,NA,"None",FALSE,NA
"European Union","Bothnian Sea","WGBFAS-HERR30-1972-2011-NEUBAUER","Herring","Herring","Clupea harengus",NA,"Herrings, sardines, anchovies","RAMLDB",1973,2010,1973,2010,NA,NA,NA,NA,2e+05,0.19,NA,NA,0.2,NA,NA,"Medium",NA,NA,NA,NA,NA,NA,NA,NA,NA,NA,NA,"None",FALSE,NA
"European Union","Gulf of Riga East of Gotland","WGBFAS-HERRRIGA-1976-2011-NEUBAUER","Herring","Herring","Clupea harengus",NA,"Herrings, sardines, anchovies","RAMLDB",1977,2010,1977,2010,NA,NA,NA,NA,NA,0.35,NA,NA,0.2,NA,60000,"Medium",NA,NA,NA,NA,NA,NA,NA,NA,NA,NA,NA,"None",FALSE,NA
"European Union","West of Scotland","WGCSE-CODVIa-1981-2012-CHING","Atlantic cod","Atlantic cod","Gadus morhua",NA,"Cods, hakes, haddocks","RAMLDB",1981,2011,1981,2011,NA,NA,NA,NA,NA,0.19,NA,NA,NA,NA,22000,"Medium",NA,NA,NA,NA,NA,NA,NA,NA,NA,NA,NA,"None",FALSE,NA
"US Alaska","North Pacific","IPHC-PHALNPAC-1888-2014-HIVELY","Pacific halibut","Pacific halibut","Hippoglossus stenolepis",NA,"Flounders, halibuts, soles","RAMLDB",1888,2014,1888,2014,NA,NA,NA,NA,NA,NA,NA,NA,NA,NA,65004,"Low",NA,NA,NA,NA,NA,NA,NA,NA,NA,NA,NA,"None",FALSE,NA
"Canada East Coast","N and SW Grand Banks","NAFO-SC-REDFISHSPP3LN-1959-2008-BAUM","Sebastes species","Sebastes species","Sebastes spp",NA,"Miscellaneous demersal fishes","RAMLDB",1959,2007,1959,2007,NA,NA,NA,NA,141900,0.172,NA,NA,NA,NA,NA,"Low",NA,NA,NA,NA,NA,NA,NA,NA,NA,NA,NA,"None",FALSE,NA
"Canada East Coast","Grand Banks","NAFO-SC-YELL3LNO-1960-2009-BAUM","Yellowtail flounder","Yellowtail flounder","Limanda ferruginea",NA,"Flounders, halibuts, soles","RAMLDB",1960,2007,1960,2007,NA,NA,NA,NA,73580,0.26,NA,NA,NA,NA,NA,"Medium",NA,NA,NA,NA,NA,NA,NA,NA,NA,NA,NA,"None",FALSE,NA
"South America","North-Central Peruvian coast","IMARPE-PANCHPERUNC-1959-2008-HIVELY","Peruvian anchoveta","Peruvian anchoveta","Engraulis ringens",NA,"Herrings, sardines, anchovies","RAMLDB",1959,2008,1959,2008,NA,NA,NA,NA,6e+06,NA,NA,NA,NA,NA,NA,"High",NA,NA,NA,NA,NA,NA,NA,NA,NA,NA,NA,"None",FALSE,NA
"Russia Japan","Northern Sea of Okhotsk","VNIRO-WPOLLNSO-1963-2012-CHING","Walleye pollock","Walleye pollock","Theragra chalcogramma",NA,"Cods, hakes, haddocks","RAMLDB",1965,2008,1965,2008,NA,NA,NA,NA,5100000,0.295,NA,NA,NA,NA,NA,"Low",NA,NA,NA,NA,NA,NA,NA,NA,NA,NA,NA,"None",FALSE,NA
"Russia Japan","Western Bering Sea","VNIRO-WPOLLWBS-1970-2008-CHING","Walleye pollock","Walleye pollock","Theragra chalcogramma",NA,"Cods, hakes, haddocks","RAMLDB",1970,2008,1970,2008,NA,NA,NA,NA,NA,0.126,NA,NA,NA,NA,362000,"Low",NA,NA,NA,NA,NA,NA,NA,NA,NA,NA,NA,"None",FALSE,NA
"South Africa","South Africa","MARAM-CHAKESA-1917-2013-Rademeyer","Shallow-water cape hake","Shallow-water cape hake","Merluccius capensis",NA,"Cods, hakes, haddocks","RAMLDB",1917,2013,1917,2013,NA,NA,NA,NA,NA,0.32,NA,NA,0.47,NA,108600,"Low",NA,NA,NA,NA,NA,NA,NA,NA,NA,NA,NA,"None",FALSE,NA
"South Africa","South Africa South coast","MARAM-CTRACSA-1949-2013-Furman","Cape horse mackerel","Cape horse mackerel","Trachurus capensis",NA,"Miscellaneous pelagic fishes","RAMLDB",1949,2012,1949,2012,NA,NA,NA,NA,307654.14,0.19,NA,NA,0.3,NA,234635.47,"Medium",NA,NA,NA,NA,NA,NA,NA,NA,NA,NA,NA,"None",FALSE,NA
"South Africa","South Africa","MARAM-DEEPCHAKESA-1917-2013-Rademeyer","Deep-water cape hake","Deep-water cape hake","Merluccius paradoxus",NA,"Cods, hakes, haddocks","RAMLDB",1917,2013,1942,2013,NA,NA,NA,NA,NA,0.35,NA,NA,0.47,NA,164300,"Low",NA,NA,NA,NA,NA,NA,NA,NA,NA,NA,NA,"None",FALSE,NA
"Indian Ocean","Southern Oceans","CCSBT-SC-SBT-1950-2011-CHING","Southern bluefin tuna","Southern bluefin tuna","Thunnus maccoyii",NA,"Tunas, bonitos, billfishes","RAMLDB",1950,2010,1952,2010,NA,NA,NA,NA,515838.5217,0.094,NA,NA,NA,NA,208448,"Low",NA,NA,NA,NA,NA,NA,NA,NA,NA,NA,NA,"None",FALSE,NA
"Pacific Ocean","Eastern Pacific","IATTC-BIGEYEEPAC-1975-2011-BRANCH","Bigeye tuna","Bigeye tuna","Thunnus obesus",NA,"Tunas, bonitos, billfishes","RAMLDB",1975,2010,1975,2010,NA,NA,NA,NA,311247,0.93,NA,NA,0.45,NA,70509,"Medium",NA,NA,NA,NA,NA,NA,NA,NA,NA,NA,NA,"None",FALSE,NA
"Atlantic Ocean","Northeast Pacific","IATTC-STMARLINNEPAC-1954-2009-BRANCH","Striped marlin","Striped marlin","Kajikia audax",NA,"Tunas, bonitos, billfishes","RAMLDB",1954,2009,1954,2009,NA,NA,NA,NA,NA,NA,NA,NA,0.5,NA,1370,"Medium",NA,NA,NA,NA,NA,NA,NA,NA,NA,NA,NA,"None",FALSE,NA
"Pacific Ocean","Northeast Pacific","IATTC-YFINEPAC-1975-2011-BRANCH","Yellowfin tuna","Yellowfin tuna","Thunnus albacares",NA,"Tunas, bonitos, billfishes","RAMLDB",1975,2010,1975,2010,NA,NA,NA,NA,354958,1.13,NA,NA,1.25,NA,3305,"Medium",NA,NA,NA,NA,NA,NA,NA,NA,NA,NA,NA,"None",FALSE,NA
"Atlantic Ocean","Northern Atlantic","ICCAT-ALBANATL-1950-2010-CHING","Albacore tuna","Albacore tuna","Thunnus alalunga",NA,"Tunas, bonitos, billfishes","RAMLDB",1950,2010,1950,2010,NA,NA,NA,NA,86555.84499,0.175,NA,NA,NA,NA,53660,"Medium",NA,NA,NA,NA,NA,NA,NA,NA,NA,NA,NA,"None",FALSE,NA
"Atlantic Ocean","Western Atlantic","ICCAT-ATBTUNAWATL-1950-2010-CHING","Atlantic bluefin tuna","Atlantic bluefin tuna","Thunnus thynnus",NA,"Tunas, bonitos, billfishes","RAMLDB",1950,2010,1950,2010,NA,NA,NA,NA,65073.65425,0.15,NA,NA,NA,NA,34157.87,"Low",NA,NA,NA,NA,NA,NA,NA,NA,NA,NA,NA,"None",FALSE,NA
"Atlantic Ocean","Atlantic Ocean","ICCAT-WMARLINATL-1956-2011-CHING","White Marlin","White Marlin","Tetrapturus albidus",NA,"Tunas, bonitos, billfishes","RAMLDB",1956,2010,1956,2010,NA,NA,NA,NA,19124.83023,0.0941,NA,NA,NA,NA,2191.21,"Medium",NA,NA,NA,NA,NA,NA,NA,NA,NA,NA,NA,"None",FALSE,NA
"Indian Ocean","Indian Ocean","IOTC-BIGEYEIO-1950-2010-CHING","Bigeye tuna","Bigeye tuna","Thunnus obesus",NA,"Tunas, bonitos, billfishes","RAMLDB",1950,2010,1950,2010,NA,NA,NA,NA,378088.9438,NA,NA,NA,NA,NA,317500,"Medium",NA,NA,NA,NA,NA,NA,NA,NA,NA,NA,NA,"None",FALSE,NA
"Indian Ocean","Indian Ocean","IOTC-SKJCIO-1950-2010-CHING","Skipjack tuna","Skipjack tuna","Katsuwonus pelamis",NA,"Tunas, bonitos, billfishes","RAMLDB",1950,2010,1950,2010,NA,NA,NA,NA,423830.4177,0.4637,NA,NA,NA,NA,387624.2,"Medium",NA,NA,NA,NA,NA,NA,NA,NA,NA,NA,NA,"None",FALSE,NA
"Indian Ocean","Indian Ocean","IOTC-SWORDIO-1950-2010-CHING","Swordfish","Swordfish","Xiphias gladius",NA,"Tunas, bonitos, billfishes","RAMLDB",1950,2010,1950,2010,NA,NA,NA,NA,172160.8113,0.14,NA,NA,NA,NA,54374.73,"Low",NA,NA,NA,NA,NA,NA,NA,NA,NA,NA,NA,"None",FALSE,NA
"Indian Ocean","Indian Ocean","IOTC-YFINEIO-1972-2009-BRANCH","Yellowfin tuna","Yellowfin tuna","Thunnus albacares",NA,"Tunas, bonitos, billfishes","RAMLDB",1972,2009,1972,2009,NA,NA,NA,NA,1269000,NA,NA,NA,NA,NA,868100,"Medium",NA,NA,NA,NA,NA,NA,NA,NA,NA,NA,NA,"None",FALSE,NA
"US West Coast","North Pacific Ocean","ISC-ALBANPAC-1952-2010-CHING","Albacore tuna","Albacore tuna","Thunnus alalunga",NA,"Tunas, bonitos, billfishes","RAMLDB",1952,2009,1952,2009,NA,NA,NA,NA,806325.3318,0.1219,NA,NA,NA,NA,342854,"Medium",NA,NA,NA,NA,NA,NA,NA,NA,NA,NA,NA,"None",FALSE,NA
"Pacific Ocean","Pacific Ocean","ISC-BMARLINPAC-1952-2010-CHING","Blue marlin","Blue marlin","Makaira nigricans",NA,"Tunas, bonitos, billfishes","RAMLDB",1952,2010,1952,2010,NA,NA,NA,NA,NA,0.22,NA,NA,NA,NA,50000,"Medium",NA,NA,NA,NA,NA,NA,NA,NA,NA,NA,NA,"None",FALSE,NA
"Pacific Ocean","Pacific Ocean","ISC-PACBTUNA-1952-2008-CHING","Pacific bluefin tuna","Pacific bluefin tuna","Thunnus orientalis",NA,"Tunas, bonitos, billfishes","RAMLDB",1952,2007,1952,2007,NA,NA,NA,NA,203931.0772,0.1171,NA,NA,NA,NA,105960,"Low",NA,NA,NA,NA,NA,NA,NA,NA,NA,NA,NA,"None",FALSE,NA
"Pacific Ocean","Western and Central North Pacific","ISC-STMARLINWCNPAC-1951-2010-CHING","Striped marlin","Striped marlin","Kajikia audax",NA,"Tunas, bonitos, billfishes","RAMLDB",1951,2009,1951,2009,NA,NA,NA,NA,16717.68849,0.612,NA,NA,NA,NA,2712.86,"Medium",NA,NA,NA,NA,NA,NA,NA,NA,NA,NA,NA,"None",FALSE,NA
"Pacific Ocean","North Pacific Ocean","ISC-SWORDNPAC-1952-2010-CHING","Swordfish","Swordfish","Xiphias gladius",NA,"Tunas, bonitos, billfishes","RAMLDB",1952,2010,1952,2010,NA,NA,NA,NA,NA,0.239,NA,NA,NA,NA,22863.8,"Low",NA,NA,NA,NA,NA,NA,NA,NA,NA,NA,NA,"None",FALSE,NA
"Pacific Ocean","South Pacific Ocean","SPC-ALBASPAC-1965-2007-BRANCH","Albacore tuna","Albacore tuna","Thunnus alalunga",NA,"Tunas, bonitos, billfishes","RAMLDB",1965,2007,1965,2007,NA,NA,NA,NA,692000,NA,NA,NA,0.4,NA,120000,"Medium",NA,NA,NA,NA,NA,NA,NA,NA,NA,NA,NA,"None",FALSE,NA
"Pacific Ocean","Central Western Pacific Ocean","SPC-BIGEYECWPAC-1952-2010-CHING","Bigeye tuna","Bigeye tuna","Thunnus obesus",NA,"Tunas, bonitos, billfishes","RAMLDB",1952,2010,1952,2010,NA,NA,NA,NA,480091.9686,0.0385,NA,NA,NA,NA,214800,"Medium",NA,NA,NA,NA,NA,NA,NA,NA,NA,NA,NA,"None",FALSE,NA
"Pacific Ocean","Western Pacific Ocean","SPC-BIGEYEWPO-1952-2006-JENSEN","Bigeye tuna","Bigeye tuna","Thunnus obesus",NA,"Tunas, bonitos, billfishes","RAMLDB",1952,2006,1952,2006,NA,NA,NA,NA,249600,NA,NA,NA,NA,NA,102200,"Medium",NA,NA,NA,NA,NA,NA,NA,NA,NA,NA,NA,"None",FALSE,NA
"Pacific Ocean","Central Western Pacific Ocean","SPC-SKJCWPAC-1950-2011-CHING","Skipjack tuna","Skipjack tuna","Katsuwonus pelamis",NA,"Tunas, bonitos, billfishes","RAMLDB",1950,2011,1950,2011,NA,NA,NA,NA,1692835.294,0.89,NA,NA,NA,NA,1564000,"Medium",NA,NA,NA,NA,NA,NA,NA,NA,NA,NA,NA,"None",FALSE,NA
"Pacific Ocean","Central Western Pacific Ocean","SPC-YFINCWPAC-1952-2010-CHING","Yellowfin tuna","Yellowfin tuna","Thunnus albacares",NA,"Tunas, bonitos, billfishes","RAMLDB",1952,2010,1952,2010,NA,NA,NA,NA,1141622.389,0.0949,NA,NA,NA,NA,576000,"Medium",NA,NA,NA,NA,NA,NA,NA,NA,NA,NA,NA,"None",FALSE,NA
"US Alaska","Bering Sea and Aleutian Islands","AFSC-ALPLAICBSAI-1972-2010-STACHURA","Alaska plaice","Alaska plaice","Pleuronectes quadrituberculatus",NA,"Flounders, halibuts, soles","RAMLDB",1975,2010,1975,2010,NA,NA,NA,NA,NA,0.19,NA,NA,0.25,NA,178200,"Low",NA,NA,NA,NA,NA,NA,NA,NA,NA,NA,NA,"None",FALSE,NA
"US Alaska","Bering Sea and Aleutian Islands","AFSC-ARFLOUNDBSAI-1970-2010-STACHURA","Arrowtooth flounder","Arrowtooth flounder","Atheresthes stomias",NA,"Flounders, halibuts, soles","RAMLDB",1970,2009,1970,2009,NA,NA,NA,NA,NA,0.29,NA,NA,NA,NA,244650,"Low",NA,NA,NA,NA,NA,NA,NA,NA,NA,NA,NA,"None",FALSE,NA
"US Alaska","Gulf of Alaska","AFSC-ARFLOUNDGA-1958-2010-STACHURA","Arrowtooth flounder","Arrowtooth flounder","Atheresthes stomias",NA,"Flounders, halibuts, soles","RAMLDB",1964,2010,1964,2010,NA,NA,NA,NA,NA,0.219,NA,NA,0.2,NA,418969,"Low",NA,NA,NA,NA,NA,NA,NA,NA,NA,NA,NA,"None",FALSE,NA
"US Alaska","Bering Sea and Aleutian Islands","AFSC-ATKABSAI-1976-2011-STACHURA","Atka mackerel","Atka mackerel","Pleurogrammus monopterygius",NA,"Miscellaneous coastal fishes","RAMLDB",1977,2009,1977,2009,NA,NA,NA,NA,NA,0.468,NA,NA,0.3,NA,91400,"Medium",NA,NA,NA,NA,NA,NA,NA,NA,NA,NA,NA,"None",FALSE,NA
"US Alaska","Gulf of Alaska","AFSC-DSOLEGA-1978-2009-STACHURA","Dover sole","Dover sole","Microstomus pacificus",NA,"Flounders, halibuts, soles","RAMLDB",1978,2009,1978,2009,NA,NA,NA,NA,NA,0.149,NA,NA,0.085,NA,12468,"Low",NA,NA,NA,NA,NA,NA,NA,NA,NA,NA,NA,"None",FALSE,NA
"US Alaska","Gulf of Alaska","AFSC-DUSROCKGA-1973-2010-STACHURA","Dusky rockfish","Dusky rockfish","Sebastes variabilis",NA,"Miscellaneous demersal fishes","RAMLDB",1977,2010,1977,2010,NA,NA,NA,NA,NA,0.087,NA,NA,0.07,NA,16764,"Very low",NA,NA,NA,NA,NA,NA,NA,NA,NA,NA,NA,"None",FALSE,NA
"US Alaska","Bering Sea and Aleutian Islands","AFSC-FLSOLEBSAI-1974-2010-STACHURA","Flathead sole","Flathead sole","Hippoglossoides elassodon",NA,"Flounders, halibuts, soles","RAMLDB",1977,2010,1977,2010,NA,NA,NA,NA,NA,0.342,NA,NA,0.2,NA,117609,"Medium",NA,NA,NA,NA,NA,NA,NA,NA,NA,NA,NA,"None",FALSE,NA
"US Alaska","Gulf of Alaska","AFSC-FLSOLEGA-1978-2010-STACHURA","Flathead sole","Flathead sole","Hippoglossoides elassodon",NA,"Flounders, halibuts, soles","RAMLDB",1978,2010,1978,2010,NA,NA,NA,NA,NA,0.481,NA,NA,0.2,NA,43661,"Medium",NA,NA,NA,NA,NA,NA,NA,NA,NA,NA,NA,"None",FALSE,NA
"US Alaska","Bering Sea and Aleutian Islands","AFSC-GHALBSAI-1960-2009-STANTON","Greenland halibut","Greenland halibut","Reinhardtius hippoglossoides",NA,"Flounders, halibuts, soles","RAMLDB",1977,2008,1977,2008,NA,NA,NA,NA,NA,0.566,NA,NA,0.112,NA,38265,"Low",NA,NA,NA,NA,NA,NA,NA,NA,NA,NA,NA,"None",FALSE,NA
"US Alaska","Bering Sea and Aleutian Islands","AFSC-NROCKBSAI-1974-2011-STACHURA","Northern rockfish","Northern rockfish","Sebastes polyspinis",NA,"Miscellaneous demersal fishes","RAMLDB",1977,2009,1977,2009,NA,NA,NA,NA,NA,0.071,NA,NA,0.0427,NA,44285,"Very low",NA,NA,NA,NA,NA,NA,NA,NA,NA,NA,NA,"None",FALSE,NA
"US Alaska","Gulf of Alaska","AFSC-NROCKGA-1959-2010-STACHURA","Northern rockfish","Northern rockfish","Sebastes polyspinis",NA,"Miscellaneous demersal fishes","RAMLDB",1961,2010,1961,2010,NA,NA,NA,NA,NA,0.071,NA,NA,0.06,NA,21480,"Very low",NA,NA,NA,NA,NA,NA,NA,NA,NA,NA,NA,"None",FALSE,NA
"US Alaska","Eastern Bering Sea and Aleutian Islands","AFSC-NRSOLEEBSAI-1975-2012-HIVELY","Northern rock sole","Northern rock sole","Lepidopsetta polyxystra",NA,"Flounders, halibuts, soles","RAMLDB",1977,2012,1977,2012,NA,NA,NA,NA,NA,0.26,NA,NA,0.18,NA,259510,"Low",NA,NA,NA,NA,NA,NA,NA,NA,NA,NA,NA,"None",FALSE,NA
"US Alaska","Bering Sea and Aleutian Islands","AFSC-PCODBSAI-1964-2013-CHING","Pacific cod","Pacific cod","Gadus macrocephalus",NA,"Cods, hakes, haddocks","RAMLDB",1964,2012,1964,2012,NA,NA,NA,NA,NA,0.34,NA,NA,NA,NA,292000,"Low",NA,NA,NA,NA,NA,NA,NA,NA,NA,NA,NA,"None",FALSE,NA
"US Alaska","Gulf of Alaska","AFSC-PCODGA-1977-2014-HIVELY","Pacific cod","Pacific cod","Gadus macrocephalus",NA,"Cods, hakes, haddocks","RAMLDB",1980,2013,1980,2013,NA,NA,NA,NA,NA,0.69,NA,NA,0.38,NA,79700,"Low",NA,NA,NA,NA,NA,NA,NA,NA,NA,NA,NA,"None",FALSE,NA
"US Alaska","Eastern Bering Sea and Aleutian Islands","AFSC-PERCHEBSAI-1960-2011-STACHURA","Pacific ocean perch","Pacific ocean perch","Sebastes alutus",NA,"Miscellaneous demersal fishes","RAMLDB",1977,2009,1977,2009,NA,NA,NA,NA,NA,0.074,NA,NA,0.062,NA,137849,"Very low",NA,NA,NA,NA,NA,NA,NA,NA,NA,NA,NA,"None",FALSE,NA
"US Alaska","Gulf of Alaska","AFSC-POPERCHGA-1959-2010-STACHURA","Pacific ocean perch","Pacific ocean perch","Sebastes alutus",NA,"Miscellaneous demersal fishes","RAMLDB",1961,2010,1961,2010,NA,NA,NA,NA,NA,0.142,NA,NA,0.06,NA,79664,"Very low",NA,NA,NA,NA,NA,NA,NA,NA,NA,NA,NA,"None",FALSE,NA
"US Alaska","Bering Sea and Aleutian Islands","AFSC-REYEROCKBSAI-1974-2011-STACHURA","Rougheye rockfish","Rougheye rockfish","Sebastes aleutianus",NA,"Miscellaneous demersal fishes","RAMLDB",1977,2009,1977,2009,NA,NA,NA,NA,NA,0.045,NA,NA,0.034,NA,6034,"Very low",NA,NA,NA,NA,NA,NA,NA,NA,NA,NA,NA,"None",FALSE,NA
"US Alaska","Gulf of Alaska","AFSC-REYEROCKGA-1974-2010-STACHURA","Rougheye rockfish","Rougheye rockfish","Sebastes aleutianus",NA,"Miscellaneous demersal fishes","RAMLDB",1977,2010,1977,2010,NA,NA,NA,NA,NA,0.048,NA,NA,0.034,NA,8912,"Very low",NA,NA,NA,NA,NA,NA,NA,NA,NA,NA,NA,"None",FALSE,NA
"US Alaska","Bristol Bay","AFSC-RKCRABBB-1960-2008-JENSEN","Red king crab","Red king crab","Paralithodes camtschaticus",NA,"King crabs, squat-lobsters","RAMLDB",1960,2007,1960,2007,NA,NA,NA,NA,NA,NA,NA,NA,NA,NA,34070,"High",NA,NA,NA,NA,NA,NA,NA,NA,NA,NA,NA,"None",FALSE,NA
"US Alaska","Eastern Bering Sea / Aleutian Islands / Gulf of Alaska","AFSC-SABLEFEBSAIGA-1958-2010-STACHURA","Sablefish","Sablefish","Anoplopoma fimbria",NA,"Miscellaneous demersal fishes","RAMLDB",1960,2010,1960,2010,NA,NA,NA,NA,NA,0.106,NA,NA,0.1,NA,96345,"Low",NA,NA,NA,NA,NA,NA,NA,NA,NA,NA,NA,"None",FALSE,NA
"US Alaska","Bering Sea","AFSC-SNOWCRABBS-1978-2013-HIVELY","Snow crab","Snow crab","Chionoecetes opilio",NA,"Crabs, sea-spiders","RAMLDB",1978,2012,1978,2012,NA,NA,NA,NA,NA,1.58,NA,NA,0.18,NA,154170,"Medium",NA,NA,NA,NA,NA,NA,NA,NA,NA,NA,NA,"None",FALSE,NA
"US Alaska","Bering Sea and Aleutian Islands","AFSC-TANNERCRABBSAI-1949-2013-HIVELY","Tanner crab","Tanner crab","Chionoecetes bairdi",NA,"Crabs, sea-spiders","RAMLDB",1966,2013,1966,2013,NA,NA,NA,NA,NA,0.73,NA,NA,NA,NA,33540,"Medium",NA,NA,NA,NA,NA,NA,NA,NA,NA,NA,NA,"None",FALSE,NA
"US Alaska","Aleutian Islands","AFSC-WPOLLAI-1976-2013-CHING","Walleye pollock","Walleye pollock","Theragra chalcogramma",NA,"Cods, hakes, haddocks","RAMLDB",1977,2012,1977,2012,NA,NA,NA,NA,NA,0.34,NA,NA,NA,NA,87330,"Low",NA,NA,NA,NA,NA,NA,NA,NA,NA,NA,NA,"None",FALSE,NA
"US Alaska","Eastern Bering Sea","AFSC-WPOLLEBS-1964-2013-CHING","Walleye pollock","Walleye pollock","Theragra chalcogramma",NA,"Cods, hakes, haddocks","RAMLDB",1964,2012,1964,2012,NA,NA,NA,NA,NA,0.543,NA,NA,NA,NA,2114000,"Low",NA,NA,NA,NA,NA,NA,NA,NA,NA,NA,NA,"None",FALSE,NA
"US Alaska","Gulf of Alaska","AFSC-WPOLLGA-1970-2014-HIVELY","Walleye pollock","Walleye pollock","Theragra chalcogramma",NA,"Cods, hakes, haddocks","RAMLDB",1977,2013,1977,2013,NA,NA,NA,NA,NA,0.285,NA,NA,0.3,NA,273000,"Low",NA,NA,NA,NA,NA,NA,NA,NA,NA,NA,NA,"None",FALSE,NA
"US Alaska","Bering Sea and Aleutian Islands","AFSC-YSOLEBSAI-1949-2010-STACHURA","Yellowfin sole","Yellowfin sole","Limanda aspera",NA,"Flounders, halibuts, soles","RAMLDB",1964,2009,1964,2009,NA,NA,NA,NA,NA,0.13,NA,NA,0.12,NA,374000,"Low",NA,NA,NA,NA,NA,NA,NA,NA,NA,NA,NA,"None",FALSE,NA
"US East Coast","Mid-Atlantic Coast","ASMFC-ATLCROAKMATLC-1973-2002-STANTON","Atlantic croaker","Atlantic croaker","Micropogonias undulatus",NA,"Miscellaneous coastal fishes","RAMLDB",1973,2002,1973,2002,NA,NA,NA,NA,NA,0.39,NA,NA,0.3,NA,28932,"Medium",NA,NA,NA,NA,NA,NA,NA,NA,NA,NA,NA,"None",FALSE,NA
"US East Coast","Gulf of Maine","ASMFC-LOBSTERGOM-1981-2007-STANTON","American lobster","American lobster","Homarus americanus",NA,"Lobsters, spiny-rock lobsters","RAMLDB",1981,2007,1981,2007,NA,NA,NA,NA,NA,NA,NA,NA,0.15,NA,15000,"Medium",NA,NA,NA,NA,NA,NA,NA,NA,NA,NA,NA,"None",FALSE,NA
"US East Coast","Gulf of Maine / Georges Bank","NEFSC-ACADREDGOMGB-1913-2007-MILLER","Acadian redfish","Acadian redfish","Sebastes fasciatus",NA,"Miscellaneous demersal fishes","RAMLDB",1913,2007,1913,2007,NA,NA,NA,NA,NA,0.0377,NA,NA,0.05,NA,271000,"Low",NA,NA,NA,NA,NA,NA,NA,NA,NA,NA,NA,"None",FALSE,NA
"US East Coast","Gulf of Maine / Georges Bank","NEFSC-AMPL5YZ-1960-2008-OBRIEN","American plaice","American plaice","Hippoglossoides platessoides",NA,"Flounders, halibuts, soles","RAMLDB",1960,2007,1960,2007,NA,NA,NA,NA,NA,0.19,NA,NA,0.2,NA,22243,"Low",NA,NA,NA,NA,NA,NA,NA,NA,NA,NA,NA,"None",FALSE,NA
"US East Coast","Atlantic Coast","NEFSC-BLUEFISHATLC-1981-2007-SHEPHERD","Bluefish","Bluefish","Pomatomus saltatrix",NA,"Miscellaneous pelagic fishes","RAMLDB",1981,2007,1981,2007,NA,NA,NA,NA,147052,0.19,NA,NA,0.2,NA,NA,"Medium",NA,NA,NA,NA,NA,NA,NA,NA,NA,NA,NA,"None",FALSE,NA
"US East Coast","Mid-Atlantic Coast","NEFSC-BSBASSMATLC-1968-2007-SHEPHERD","Black sea bass","Black sea bass","Centropristis striata",NA,"Miscellaneous coastal fishes","RAMLDB",1968,2007,1968,2007,NA,NA,NA,NA,12892.3,0.419,NA,NA,0.4,NA,12537,"Medium",NA,NA,NA,NA,NA,NA,NA,NA,NA,NA,NA,"None",FALSE,NA
"US East Coast","Gulf of Maine / Cape Hatteras","NEFSC-BUTTERGOMCHATT-1965-2012-HIVELY","Atlantic butterfish","Atlantic butterfish","Peprilus triacanthus",NA,"Miscellaneous pelagic fishes","RAMLDB",1965,2012,1965,2012,NA,NA,NA,NA,NA,0.81,NA,NA,NA,NA,45616,"High",NA,NA,NA,NA,NA,NA,NA,NA,NA,NA,NA,"None",FALSE,NA
"US East Coast","Georges Bank","NEFSC-CODGB-1976-2011-CHING","Atlantic cod","Atlantic cod","Gadus morhua",NA,"Cods, hakes, haddocks","RAMLDB",1977,2011,1977,2011,NA,NA,NA,NA,NA,0.18,NA,NA,NA,NA,186535,"Medium",NA,NA,NA,NA,NA,NA,NA,NA,NA,NA,NA,"None",FALSE,NA
"US East Coast","Gulf of Maine","NEFSC-CODGOM-1981-2011-CHING","Atlantic cod","Atlantic cod","Gadus morhua",NA,"Cods, hakes, haddocks","RAMLDB",1982,2011,1982,2011,NA,NA,NA,NA,NA,0.18,NA,NA,NA,NA,54743,"Medium",NA,NA,NA,NA,NA,NA,NA,NA,NA,NA,NA,"None",FALSE,NA
"US East Coast","Gulf of Maine","NEFSC-HAD5Y-1964-2011-CHING","Haddock","Haddock","Melanogrammus aeglefinus",NA,"Cods, hakes, haddocks","RAMLDB",1964,2010,1964,2010,NA,NA,NA,NA,NA,0.46,NA,NA,NA,NA,4904,"Medium",NA,NA,NA,NA,NA,NA,NA,NA,NA,NA,NA,"None",FALSE,NA
"US East Coast","Georges Bank","NEFSC-HADGB-1931-2010-CHING","Haddock","Haddock","Melanogrammus aeglefinus",NA,"Cods, hakes, haddocks","RAMLDB",1960,2010,1960,2010,NA,NA,NA,NA,NA,0.39,NA,NA,NA,NA,124900,"Medium",NA,NA,NA,NA,NA,NA,NA,NA,NA,NA,NA,"None",FALSE,NA
"US East Coast","Gulf of Maine / Georges Bank","NEFSC-POLL5YZ-1960-2009-CHING","Pollock","Pollock","Pollachius virens",NA,"Cods, hakes, haddocks","RAMLDB",1960,2009,1960,2009,NA,NA,NA,NA,NA,0.25,NA,NA,NA,NA,91000,"Medium",NA,NA,NA,NA,NA,NA,NA,NA,NA,NA,NA,"None",FALSE,NA
"US East Coast","Georges Bank and Mid-Atlantic Bight","NEFSC-SCALL5ZMAB-1964-2013-HIVELY","Sea scallop","Sea scallop","Placopecten magellanicus",NA,"Scallops, pectens","RAMLDB",1964,2013,1964,2013,NA,NA,NA,NA,96480,0.48,NA,NA,0.12,NA,NA,"Medium",NA,NA,NA,NA,NA,NA,NA,NA,NA,NA,NA,"None",FALSE,NA
"US East Coast","Northwestern Atlantic Coast","NEFSC-SCUPNWATLC-1960-2007-TERCEIRO","Scup","Scup","Stenotomus chrysops",NA,"Miscellaneous coastal fishes","RAMLDB",1960,2007,1960,2007,NA,NA,NA,NA,NA,0.177,NA,NA,0.2,NA,92044,"Medium",NA,NA,NA,NA,NA,NA,NA,NA,NA,NA,NA,"None",FALSE,NA
"US East Coast","Mid-Atlantic Coast","NEFSC-SFLOUNMATLC-1940-2012-HIVELY","Summer flounder","Summer flounder","Paralichthys dentatus",NA,"Flounders, halibuts, soles","RAMLDB",1940,2012,1940,2012,NA,NA,NA,NA,NA,0.309,NA,NA,0.25,NA,62394,"Medium",NA,NA,NA,NA,NA,NA,NA,NA,NA,NA,NA,"None",FALSE,NA
"US East Coast","Mid-Atlantic Coast","NEFSC-SURFMATLC-1965-2008-JACOBSON","Atlantic surfclam","Atlantic surfclam","Spisula solidissima",NA,"Clams, cockles, arkshells","RAMLDB",1965,2008,1965,2008,NA,NA,NA,NA,543000,0.15,NA,NA,0.15,NA,NA,"Medium",NA,NA,NA,NA,NA,NA,NA,NA,NA,NA,NA,"None",FALSE,NA
"US East Coast","Mid-Atlantic Coast","NEFSC-TILEMATLC-1915-2012-HIVELY","Tilefish","Tilefish","Lopholatilus chamaeleonticeps",NA,"Miscellaneous demersal fishes","RAMLDB",1915,2012,1915,2012,NA,NA,NA,NA,NA,0.37,NA,NA,NA,NA,5153,"Low",NA,NA,NA,NA,NA,NA,NA,NA,NA,NA,NA,"None",FALSE,NA
"US East Coast","Atlantic Coast","NEFSC-WEAKFISHATLC-1981-2008-STANTON","Weakfish","Weakfish","Cynoscion regalis",NA,"Miscellaneous coastal fishes","RAMLDB",1981,2008,1981,2008,NA,NA,NA,NA,NA,NA,NA,NA,0.25,NA,10179,"High",NA,NA,NA,NA,NA,NA,NA,NA,NA,NA,NA,"None",FALSE,NA
"US East Coast","Gulf of Maine / Georges Bank","NEFSC-WHAKEGBGOM-1963-2007-SOSEBEE","White hake","White hake","Urophycis tenuis",NA,"Cods, hakes, haddocks","RAMLDB",1963,2007,1963,2007,NA,NA,NA,NA,NA,0.13,NA,NA,0.2,NA,56300,"Low",NA,NA,NA,NA,NA,NA,NA,NA,NA,NA,NA,"None",FALSE,NA
"US East Coast","Georges Bank","NEFSC-WINFLOUN5Z-1964-2011-HIVELY","Winter flounder","Winter flounder","Pseudopleuronectes americanus",NA,"Flounders, halibuts, soles","RAMLDB",1964,2010,1964,2010,NA,NA,NA,NA,NA,0.42,NA,NA,NA,NA,11800,"Medium",NA,NA,NA,NA,NA,NA,NA,NA,NA,NA,NA,"None",FALSE,NA
"US East Coast","Southern New England /Mid Atlantic","NEFSC-WINFLOUNSNEMATL-1980-2010-HIVELY","Winter flounder","Winter flounder","Pseudopleuronectes americanus",NA,"Flounders, halibuts, soles","RAMLDB",1981,2010,1981,2010,NA,NA,NA,NA,NA,0.29,NA,NA,0.3,NA,43661,"Medium",NA,NA,NA,NA,NA,NA,NA,NA,NA,NA,NA,"None",FALSE,NA
"US East Coast","Gulf of Maine","NEFSC-WITFLOUN5Y-1982-2008-WIGLEY","Witch flounder","Witch flounder","Glyptocephalus cynoglossus",NA,"Flounders, halibuts, soles","RAMLDB",1982,2007,1982,2007,NA,NA,NA,NA,NA,0.2,NA,NA,0.15,NA,11447,"Low",NA,NA,NA,NA,NA,NA,NA,NA,NA,NA,NA,"None",FALSE,NA
"US East Coast","Cape Cod / Gulf of Maine","NEFSC-YELLCCODGOM-1935-2008-LEGAULT","Yellowtail flounder","Yellowtail flounder","Limanda ferruginea",NA,"Flounders, halibuts, soles","RAMLDB",1935,2007,1935,2007,NA,NA,NA,NA,NA,0.239,NA,NA,NA,NA,7790,"Medium",NA,NA,NA,NA,NA,NA,NA,NA,NA,NA,NA,"None",FALSE,NA
"US East Coast","Georges Bank","NEFSC-YELLGB-1935-2008-BAUM","Yellowtail flounder","Yellowtail flounder","Limanda ferruginea",NA,"Flounders, halibuts, soles","RAMLDB",1935,2007,1935,2007,NA,NA,NA,NA,NA,0.254,NA,NA,NA,NA,43200,"Medium",NA,NA,NA,NA,NA,NA,NA,NA,NA,NA,NA,"None",FALSE,NA
"US East Coast","Southern New England /Mid Atlantic","NEFSC-YELLSNEMATL-1935-2008-BAUM","Yellowtail flounder","Yellowtail flounder","Limanda ferruginea",NA,"Flounders, halibuts, soles","RAMLDB",1935,2007,1935,2007,NA,NA,NA,NA,NA,0.254,NA,NA,NA,NA,27400,"Medium",NA,NA,NA,NA,NA,NA,NA,NA,NA,NA,NA,"None",FALSE,NA
"Pacific Ocean","North Pacific","NMFS-STMARLINNPAC-1952-2004-BRANCH","Striped marlin","Striped marlin","Kajikia audax",NA,"Tunas, bonitos, billfishes","RAMLDB",1952,2004,1952,2004,NA,NA,NA,NA,17500,0.283145994,NA,NA,NA,NA,11235,"Medium",NA,NA,NA,NA,NA,NA,NA,NA,NA,NA,NA,"None",FALSE,NA
"US West Coast","Pacific Coast","NWFSC-ARFLOUNDPCOAST-1916-2007-BRANCH","Arrowtooth flounder","Arrowtooth flounder","Atheresthes stomias",NA,"Flounders, halibuts, soles","RAMLDB",1916,2007,1928,2007,NA,NA,NA,NA,NA,0.21,NA,NA,0.166,NA,16593,"Low",NA,NA,NA,NA,NA,NA,NA,NA,NA,NA,NA,"None",FALSE,NA
"US West Coast","Pacific Coast","NWFSC-BGROCKPCOAST-1950-2011-STACHURA","Blackgill rockfish","Blackgill rockfish","Sebastes melanostomus",NA,"Miscellaneous demersal fishes","RAMLDB",1950,2010,1950,2010,NA,NA,NA,NA,5063,0.022,NA,NA,0.07,NA,475100,"Very low",NA,NA,NA,NA,NA,NA,NA,NA,NA,NA,NA,"None",FALSE,NA
"US West Coast","Northern Pacific Coast","NWFSC-BLACKROCKNPCOAST-1914-2006-BRANCH","Black rockfish","Black rockfish","Sebastes melanops",NA,"Miscellaneous demersal fishes","RAMLDB",1915,2006,1939,2006,NA,NA,NA,NA,NA,0.141,NA,NA,0.16,NA,698.62,"Low",NA,NA,NA,NA,NA,NA,NA,NA,NA,NA,NA,"None",FALSE,NA
"US West Coast","Oregon Coast","NWFSC-CABEZORECOAST-1973-2009-STACHURA","Cabezon","Cabezon","Scorpaenichthys marmoratus",NA,"Miscellaneous coastal fishes","RAMLDB",1973,2008,1973,2008,NA,NA,NA,NA,NA,NA,NA,NA,0.25,NA,109,"Medium",NA,NA,NA,NA,NA,NA,NA,NA,NA,NA,NA,"None",FALSE,NA
"US West Coast","Southern Pacific Coast","NWFSC-CHILISPCOAST-1892-2007-BRANCH","Chilipepper rockfish","Chilipepper rockfish","Sebastes goodei",NA,"Miscellaneous demersal fishes","RAMLDB",1892,2006,1892,2006,NA,NA,NA,NA,NA,NA,NA,NA,0.16,NA,12126,"Medium",NA,NA,NA,NA,NA,NA,NA,NA,NA,NA,NA,"None",FALSE,NA
"US West Coast","Pacific Coast","NWFSC-CROCKPCOAST-1916-2011-STACHURA","Canary rockfish","Canary rockfish","Sebastes pinniger",NA,"Miscellaneous demersal fishes","RAMLDB",1916,2010,1916,2010,NA,NA,NA,NA,NA,NA,NA,NA,0.06,NA,10464,"Low",NA,NA,NA,NA,NA,NA,NA,NA,NA,NA,NA,"None",FALSE,NA
"US West Coast","Pacific Coast","NWFSC-ESOLEPCOAST-1876-2007-BRANCH","English sole","English sole","Parophrys vetulus",NA,"Flounders, halibuts, soles","RAMLDB",1876,2006,1876,2006,NA,NA,NA,NA,NA,NA,NA,NA,NA,NA,6526,"Medium",NA,NA,NA,NA,NA,NA,NA,NA,NA,NA,NA,"None",FALSE,NA
"US West Coast","Oregon Coast","NWFSC-KELPGREENLINGORECOAST-1979-2005-STANTON","Kelp greenling","Kelp greenling","Hexagrammos decagrammus",NA,"Miscellaneous coastal fishes","RAMLDB",1980,2004,1980,2004,NA,NA,NA,NA,NA,NA,NA,NA,0.26,NA,123,"Medium",NA,NA,NA,NA,NA,NA,NA,NA,NA,NA,NA,"None",FALSE,NA
"US West Coast","Northern Pacific Coast","NWFSC-LINGCODNPCOAST-1928-2009-STACHURA","Lingcod","Lingcod","Ophiodon elongatus",NA,"Miscellaneous coastal fishes","RAMLDB",1928,2008,1928,2008,NA,NA,NA,NA,12385.71429,NA,NA,NA,0.18,NA,13232.61208,"Low",NA,NA,NA,NA,NA,NA,NA,NA,NA,NA,NA,"None",FALSE,NA
"US West Coast","Southern Pacific Coast","NWFSC-LINGCODSPCOAST-1928-2009-STACHURA","Lingcod","Lingcod","Ophiodon elongatus",NA,"Miscellaneous coastal fishes","RAMLDB",1928,2008,1928,2008,NA,NA,NA,NA,18925,NA,NA,NA,0.18,NA,10125.47375,"Low",NA,NA,NA,NA,NA,NA,NA,NA,NA,NA,NA,"None",FALSE,NA
"US West Coast","Pacific Coast","NWFSC-LNOSESKAPCOAST-1915-2007-BRANCH","Longnose skate","Longnose skate","Raja rhina",NA,"Sharks, rays, chimaeras","RAMLDB",1915,2007,1916,2007,NA,NA,NA,NA,NA,NA,NA,NA,0.2,NA,2626,"Low",NA,NA,NA,NA,NA,NA,NA,NA,NA,NA,NA,"None",FALSE,NA
"US West Coast","Pacific Coast","NWFSC-LSTHORNHPCOAST-1964-2012-HIVELY","Longspine thornyhead","Longspine thornyhead","Sebastolobus altivelis",NA,"Miscellaneous demersal fishes","RAMLDB",1964,2012,1964,2012,NA,NA,NA,NA,NA,NA,NA,NA,0.11,NA,13108,"Low",NA,NA,NA,NA,NA,NA,NA,NA,NA,NA,NA,"None",FALSE,NA
"US West Coast","Pacific Coast","NWFSC-PHAKEPCOAST-1966-2012-CHING","Pacific hake","Pacific hake","Merluccius productus",NA,"Cods, hakes, haddocks","RAMLDB",1966,2011,1966,2011,NA,NA,NA,NA,NA,NA,NA,NA,NA,NA,5e+05,"Low",NA,NA,NA,NA,NA,NA,NA,NA,NA,NA,NA,"None",FALSE,NA
"US West Coast","Pacific Coast","NWFSC-SABLEFPCOAST-1900-2011-STACHURA","Sablefish","Sablefish","Anoplopoma fimbria",NA,"Miscellaneous demersal fishes","RAMLDB",1900,2010,1900,2010,NA,NA,NA,NA,NA,NA,NA,NA,0.08,NA,54163,"Low",NA,NA,NA,NA,NA,NA,NA,NA,NA,NA,NA,"None",FALSE,NA
"US West Coast","Pacific Coast","NWFSC-SSTHORNHPCOAST-1901-2005-STANTON","Shortspine thornyhead","Shortspine thornyhead","Sebastolobus alascanus",NA,"Miscellaneous demersal fishes","RAMLDB",1962,2004,1962,2004,NA,NA,NA,NA,86000,NA,NA,NA,0.05,NA,NA,"Very low",NA,NA,NA,NA,NA,NA,NA,NA,NA,NA,NA,"None",FALSE,NA
"US West Coast","Pacific Coast","NWFSC-WROCKPCOAST-1916-2011-STACHURA","Widow rockfish","Widow rockfish","Sebastes entomelas",NA,"Miscellaneous demersal fishes","RAMLDB",1916,2010,1916,2010,NA,NA,NA,NA,NA,NA,NA,NA,0.12,NA,28451,"Very low",NA,NA,NA,NA,NA,NA,NA,NA,NA,NA,NA,"None",FALSE,NA
"US West Coast","Northern California","PFMC-CABEZNCAL-1930-2009-CHING","Cabezon","Cabezon","Scorpaenichthys marmoratus",NA,"Miscellaneous coastal fishes","RAMLDB",1973,2008,1973,2008,NA,NA,NA,NA,NA,NA,NA,NA,NA,NA,257,"Medium",NA,NA,NA,NA,NA,NA,NA,NA,NA,NA,NA,"None",FALSE,NA
"US West Coast","Southern California","PFMC-CABEZSCAL-1930-2009-CHING","Cabezon","Cabezon","Scorpaenichthys marmoratus",NA,"Miscellaneous coastal fishes","RAMLDB",1950,2008,1950,2008,NA,NA,NA,NA,NA,NA,NA,NA,NA,NA,67,"Medium",NA,NA,NA,NA,NA,NA,NA,NA,NA,NA,NA,"None",FALSE,NA
"US West Coast","Pacific Coast","PFMC-PSOLEPCOAST-1930-2011-CHING","Petrale sole","Petrale sole","Eopsetta jordani",NA,"Flounders, halibuts, soles","RAMLDB",1930,2011,1930,2011,NA,NA,NA,NA,NA,NA,NA,NA,NA,NA,5805,"Medium",NA,NA,NA,NA,NA,NA,NA,NA,NA,NA,NA,"None",FALSE,NA
"US Southeast/Gulf","Gulf of Mexico and South Atlantic","SEFSC-BLACKGROUPERGMSATL-1986-2008-THORSON","Black grouper","Black grouper","Mycteroperca bonaci",NA,"Miscellaneous coastal fishes","RAMLDB",1986,2008,1986,2008,NA,NA,NA,NA,NA,0.216,NA,NA,0.136,NA,2685.27,"Low",NA,NA,NA,NA,NA,NA,NA,NA,NA,NA,NA,"None",FALSE,NA
"US Southeast/Gulf","South Atlantic","SEFSC-BSBASSSATL-1950-2010-HIVELY","Black sea bass","Black sea bass","Centropristis striata",NA,"Miscellaneous coastal fishes","RAMLDB",1950,2010,1950,2010,NA,NA,NA,NA,5399,0.7,NA,NA,0.38,NA,2.48e+12,"Medium",NA,NA,NA,NA,NA,NA,NA,NA,NA,NA,NA,"None",FALSE,NA
"US Southeast/Gulf","Gulf of Mexico","SEFSC-GAGGM-1963-2012-HIVELY","Gag","Gag","Mycteroperca microlepis",NA,"Miscellaneous coastal fishes","RAMLDB",1963,2012,1963,2012,NA,NA,NA,NA,NA,0.1,NA,NA,0.13,NA,21286,"Low",NA,NA,NA,NA,NA,NA,NA,NA,NA,NA,NA,"None",FALSE,NA
"US Southeast/Gulf","Atlantic Coast","SEFSC-LISQUIDATLC-1963-2009-HIVELY","Longfin inshore squid","Longfin inshore squid","Loligo pealeii",NA,"Miscellaneous coastal fishes","RAMLDB",1963,2009,1963,2009,NA,NA,NA,NA,42405,NA,NA,NA,NA,NA,NA,"High",NA,NA,NA,NA,NA,NA,NA,NA,NA,NA,NA,"None",FALSE,NA
"US Southeast/Gulf","South Atlantic","SEFSC-RGROUPSATL-1976-2009-HIVELY","Red grouper","Red grouper","Epinephelus morio",NA,"Miscellaneous coastal fishes","RAMLDB",1976,2008,1976,2008,NA,NA,NA,NA,3680,0.22,NA,NA,0.14,NA,2592,"Low",NA,NA,NA,NA,NA,NA,NA,NA,NA,NA,NA,"None",FALSE,NA
"US Southeast/Gulf","Southern Atlantic coast","SEFSC-RPORGYSATLC-1972-2012-HIVELY","Common seabream","Common seabream","Pagrus pagrus",NA,"Miscellaneous coastal fishes","RAMLDB",1972,2011,1972,2011,NA,NA,NA,NA,4254,0.17,NA,NA,0.23,NA,3933,"Medium",NA,NA,NA,NA,NA,NA,NA,NA,NA,NA,NA,"None",FALSE,NA
"US Southeast/Gulf","Southern Atlantic coast","SEFSC-SNOWGROUPSATLC-1974-2013-HIVELY","Snowy grouper","Snowy grouper","Epinephelus niveatus",NA,"Miscellaneous coastal fishes","RAMLDB",1974,2012,1974,2012,NA,NA,NA,NA,2091.7,0.14,NA,NA,0.15,NA,872.3,"Low",NA,NA,NA,NA,NA,NA,NA,NA,NA,NA,NA,"None",FALSE,NA
"US Southeast/Gulf","Gulf of Mexico","SEFSC-SPANMACKGM-1886-2011-HIVELY","Spanish mackerel","Spanish mackerel","Scomberomorus maculatus",NA,"Tunas, bonitos, billfishes","RAMLDB",1948,2010,1948,2010,NA,NA,NA,NA,NA,0.36,NA,NA,NA,NA,10339,"Medium",NA,NA,NA,NA,NA,NA,NA,NA,NA,NA,NA,"None",FALSE,NA
"US Southeast/Gulf","Southern Atlantic coast","SEFSC-SPANMACKSATLC-1950-2012-HIVELY","Spanish mackerel","Spanish mackerel","Scomberomorus maculatus",NA,"Tunas, bonitos, billfishes","RAMLDB",1950,2011,1950,2011,NA,NA,NA,NA,9548,0.69,NA,NA,0.35,NA,3266,"Medium",NA,NA,NA,NA,NA,NA,NA,NA,NA,NA,NA,"None",FALSE,NA
"US Southeast/Gulf","Southern Atlantic coast","SEFSC-VSNAPSATLC-1946-2008-STANTON","Vermilion snapper","Vermilion snapper","Rhomboplites aurorubens",NA,"Miscellaneous coastal fishes","RAMLDB",1958,2007,1958,2007,NA,NA,NA,NA,3300,0.386,NA,NA,0.22,NA,9.16e+12,"Medium",NA,NA,NA,NA,NA,NA,NA,NA,NA,NA,NA,"None",FALSE,NA
"US Southeast/Gulf","Gulf of Mexico","SEFSC-YEGROUPGM-1975-2009-HIVELY","Yellowedge grouper","Yellowedge grouper","Epinephelus flavolimbatus",NA,"Miscellaneous coastal fishes","RAMLDB",1975,2009,1975,2009,NA,NA,NA,NA,NA,0.1,NA,NA,0.07,NA,2401,"Low",NA,NA,NA,NA,NA,NA,NA,NA,NA,NA,NA,"None",FALSE,NA
"US West Coast","Pacific Coast","SWFSC-CMACKPCOAST-1929-2008-PINSKY","Chub mackerel","Chub mackerel","Scomber japonicus",NA,"Miscellaneous pelagic fishes","RAMLDB",1929,2008,1929,2008,NA,NA,NA,NA,NA,0.138,NA,NA,0.5,NA,122357,"Medium",NA,NA,NA,NA,NA,NA,NA,NA,NA,NA,NA,"None",FALSE,NA
"US West Coast","Pacific Coast","SWFSC-DSOLEPCOAST-1910-2011-STACHURA","Dover sole","Dover sole","Microstomus pacificus",NA,"Flounders, halibuts, soles","RAMLDB",1910,2010,1911,2010,NA,NA,NA,NA,NA,NA,NA,NA,0.101,NA,114398,"Low",NA,NA,NA,NA,NA,NA,NA,NA,NA,NA,NA,"None",FALSE,NA
"US West Coast","Southern Pacific Coast","SWFSC-GOPHERSPCOAST-1965-2005-STANTON","Gopher rockfish","Gopher rockfish","Sebastes carnatus",NA,"Miscellaneous demersal fishes","RAMLDB",1965,2004,1965,2004,NA,NA,NA,NA,1010,NA,NA,NA,0.2,NA,NA,"Low",NA,NA,NA,NA,NA,NA,NA,NA,NA,NA,NA,"None",FALSE,NA
"US West Coast","Northern Pacific Coast","SWFSC-STFLOUNNPCOAST-1970-2005-STANTON","Starry flounder","Starry flounder","Platichthys stellatus",NA,"Flounders, halibuts, soles","RAMLDB",1970,2004,1970,2004,NA,NA,NA,NA,NA,NA,NA,NA,0.3,NA,1930,"Medium",NA,NA,NA,NA,NA,NA,NA,NA,NA,NA,NA,"None",FALSE,NA
"US West Coast","Southern Pacific Coast","SWFSC-STFLOUNSPCOAST-1970-2005-STANTON","Starry flounder","Starry flounder","Platichthys stellatus",NA,"Flounders, halibuts, soles","RAMLDB",1970,2004,1970,2004,NA,NA,NA,NA,2329.411765,NA,NA,NA,0.3,NA,NA,"Medium",NA,NA,NA,NA,NA,NA,NA,NA,NA,NA,NA,"None",FALSE,NA
